,LOCATION_circulation,ADDRESS_circulation,CITY_circulation,ZIP,JANUARY_circulation,FEBRUARY_circulation,MARCH_circulation,APRIL_circulation,MAY_circulation,JUNE_circulation,JULY_circulation,AUGUST_circulation,SEPTEMBER_circulation,OCTOBER_circulation,NOVEMBER_circulation,DECEMBER_circulation,YTD_circulation,LOCATION_visitors,ADDRESS_visitors,CITY_visitors,JANUARY_visitors,FEBRUARY_visitors,MARCH_visitors,APRIL_visitors,MAY_visitors,JUNE_visitors,JULY_visitors,AUGUST_visitors,SEPTEMBER_visitors,OCTOBER_visitors,NOVEMBER_visitors,DECEMBER_visitors,YTD_visitors
0,Albany Park,3401 W. Foster Ave.,Chicago,60625,8214,7614,8460,7414,7044,7970,9664,9069,7053,8012,6571,5924,93009,Albany Park,3401 W. Foster Ave.,Chicago,10405.0,10594.0,11498.0,10867.0,10395.0,11171.0,11532.0,11387.0,11534.0,11677.0,9741.0,9454.0,130255.0
1,Albany Park,3401 W. Foster Ave.,Chicago,60625,8214,7614,8460,7414,7044,7970,9664,9069,7053,8012,6571,5924,93009,Sulzer Regional Library,4455 N. Lincoln Ave.,Chicago,24368.0,23998.0,32223.0,30983.0,37357.0,29641.0,33583.0,32266.0,29043.0,29043.0,30883.0,25256.0,358644.0
2,Sulzer Regional Library,4455 N. Lincoln Ave.,Chicago,60625,31782,29305,33438,30611,29432,32036,33964,33231,29364,30507,29105,26755,369530,Albany Park,3401 W. Foster Ave.,Chicago,10405.0,10594.0,11498.0,10867.0,10395.0,11171.0,11532.0,11387.0,11534.0,11677.0,9741.0,9454.0,130255.0
3,Sulzer Regional Library,4455 N. Lincoln Ave.,Chicago,60625,31782,29305,33438,30611,29432,32036,33964,33231,29364,30507,29105,26755,369530,Sulzer Regional Library,4455 N. Lincoln Ave.,Chicago,24368.0,23998.0,32223.0,30983.0,37357.0,29641.0,33583.0,32266.0,29043.0,29043.0,30883.0,25256.0,358644.0
4,Altgeld,13281 S. Corliss Ave.,Chicago,60827,378,326,332,270,320,325,354,229,234,377,369,500,4014,Altgeld,13281 S. Corliss Ave.,Chicago,2083.0,2358.0,2380.0,2127.0,2247.0,2484.0,2578.0,2512.0,2462.0,2678.0,2014.0,2273.0,28196.0
5,Archer Heights,5055 S. Archer Ave.,Chicago,60632,5365,5019,5417,5349,4833,4627,5356,4793,4537,5263,4051,3415,58025,Archer Heights,5055 S. Archer Ave.,Chicago,6378.0,7521.0,7809.0,7824.0,7162.0,6952.0,7835.0,7536.0,6908.0,8219.0,6679.0,5770.0,86593.0
6,Archer Heights,5055 S. Archer Ave.,Chicago,60632,5365,5019,5417,5349,4833,4627,5356,4793,4537,5263,4051,3415,58025,Brighton Park,4314 S. Archer Ave.,Chicago,4444.0,4593.0,4480.0,5680.0,4161.0,4514.0,5194.0,5142.0,4223.0,5799.0,4107.0,3349.0,55686.0
7,Archer Heights,5055 S. Archer Ave.,Chicago,60632,5365,5019,5417,5349,4833,4627,5356,4793,4537,5263,4051,3415,58025,Gage Park,2807 W. 55th St.,Chicago,2111.0,1979.0,2000.0,2177.0,2185.0,2569.0,3111.0,2967.0,2435.0,3834.0,2256.0,2082.0,29706.0
8,Brighton Park,4314 S. Archer Ave.,Chicago,60632,4157,3471,4160,3668,3650,3524,3759,4420,3786,4443,3223,2747,45008,Archer Heights,5055 S. Archer Ave.,Chicago,6378.0,7521.0,7809.0,7824.0,7162.0,6952.0,7835.0,7536.0,6908.0,8219.0,6679.0,5770.0,86593.0
9,Brighton Park,4314 S. Archer Ave.,Chicago,60632,4157,3471,4160,3668,3650,3524,3759,4420,3786,4443,3223,2747,45008,Brighton Park,4314 S. Archer Ave.,Chicago,4444.0,4593.0,4480.0,5680.0,4161.0,4514.0,5194.0,5142.0,4223.0,5799.0,4107.0,3349.0,55686.0
10,Brighton Park,4314 S. Archer Ave.,Chicago,60632,4157,3471,4160,3668,3650,3524,3759,4420,3786,4443,3223,2747,45008,Gage Park,2807 W. 55th St.,Chicago,2111.0,1979.0,2000.0,2177.0,2185.0,2569.0,3111.0,2967.0,2435.0,3834.0,2256.0,2082.0,29706.0
11,Gage Park,2807 W. 55th St.,Chicago,60632,1012,825,1048,1055,898,1082,1513,1140,1117,1950,1365,1097,14102,Archer Heights,5055 S. Archer Ave.,Chicago,6378.0,7521.0,7809.0,7824.0,7162.0,6952.0,7835.0,7536.0,6908.0,8219.0,6679.0,5770.0,86593.0
12,Gage Park,2807 W. 55th St.,Chicago,60632,1012,825,1048,1055,898,1082,1513,1140,1117,1950,1365,1097,14102,Brighton Park,4314 S. Archer Ave.,Chicago,4444.0,4593.0,4480.0,5680.0,4161.0,4514.0,5194.0,5142.0,4223.0,5799.0,4107.0,3349.0,55686.0
13,Gage Park,2807 W. 55th St.,Chicago,60632,1012,825,1048,1055,898,1082,1513,1140,1117,1950,1365,1097,14102,Gage Park,2807 W. 55th St.,Chicago,2111.0,1979.0,2000.0,2177.0,2185.0,2569.0,3111.0,2967.0,2435.0,3834.0,2256.0,2082.0,29706.0
14,Austin,5615 W. Race Ave.,Chicago,60644,215,590,706,736,806,983,1134,1236,1193,1361,1286,1082,11328,Austin,5615 W. Race Ave.,Chicago,4878.0,5391.0,5655.0,5378.0,5178.0,5895.0,7399.0,7962.0,6299.0,7604.0,8128.0,7713.0,77480.0
15,Austin-Irving,6100 W. Irving Park Rd.,Chicago,60634,9678,9764,10845,10541,9763,11442,11634,11063,9379,9932,8567,6492,119100,Austin-Irving,6100 W. Irving Park Rd.,Chicago,8003.0,8879.0,9627.0,8853.0,9172.0,9897.0,10441.0,10110.0,9031.0,10054.0,8060.0,6953.0,109080.0
16,Austin-Irving,6100 W. Irving Park Rd.,Chicago,60634,9678,9764,10845,10541,9763,11442,11634,11063,9379,9932,8567,6492,119100,Dunning,7455 W. Cornelia Ave.,Chicago,7777.0,8684.0,8650.0,8425.0,9254.0,9519.0,10353.0,9049.0,10065.0,8865.0,6802.0,6816.0,104259.0
17,Austin-Irving,6100 W. Irving Park Rd.,Chicago,60634,9678,9764,10845,10541,9763,11442,11634,11063,9379,9932,8567,6492,119100,West Chicago Avenue,4856 W. Chicago Ave.,Chicago,5513.0,5723.0,6113.0,5361.0,5921.0,1505.0,7290.0,7584.0,7329.0,8804.0,6452.0,6109.0,73704.0
18,Dunning,7455 W. Cornelia Ave.,Chicago,60634,4058,4305,4361,4329,3820,3835,4769,4348,4261,3534,3443,3183,48246,Austin-Irving,6100 W. Irving Park Rd.,Chicago,8003.0,8879.0,9627.0,8853.0,9172.0,9897.0,10441.0,10110.0,9031.0,10054.0,8060.0,6953.0,109080.0
19,Dunning,7455 W. Cornelia Ave.,Chicago,60634,4058,4305,4361,4329,3820,3835,4769,4348,4261,3534,3443,3183,48246,Dunning,7455 W. Cornelia Ave.,Chicago,7777.0,8684.0,8650.0,8425.0,9254.0,9519.0,10353.0,9049.0,10065.0,8865.0,6802.0,6816.0,104259.0
20,Dunning,7455 W. Cornelia Ave.,Chicago,60634,4058,4305,4361,4329,3820,3835,4769,4348,4261,3534,3443,3183,48246,West Chicago Avenue,4856 W. Chicago Ave.,Chicago,5513.0,5723.0,6113.0,5361.0,5921.0,1505.0,7290.0,7584.0,7329.0,8804.0,6452.0,6109.0,73704.0
21,West Chicago Avenue,4856 W. Chicago Ave.,Chicago,60634,827,767,684,756,851,228,845,731,802,1031,704,586,8812,Austin-Irving,6100 W. Irving Park Rd.,Chicago,8003.0,8879.0,9627.0,8853.0,9172.0,9897.0,10441.0,10110.0,9031.0,10054.0,8060.0,6953.0,109080.0
22,West Chicago Avenue,4856 W. Chicago Ave.,Chicago,60634,827,767,684,756,851,228,845,731,802,1031,704,586,8812,Dunning,7455 W. Cornelia Ave.,Chicago,7777.0,8684.0,8650.0,8425.0,9254.0,9519.0,10353.0,9049.0,10065.0,8865.0,6802.0,6816.0,104259.0
23,West Chicago Avenue,4856 W. Chicago Ave.,Chicago,60634,827,767,684,756,851,228,845,731,802,1031,704,586,8812,West Chicago Avenue,4856 W. Chicago Ave.,Chicago,5513.0,5723.0,6113.0,5361.0,5921.0,1505.0,7290.0,7584.0,7329.0,8804.0,6452.0,6109.0,73704.0
24,Avalon,8148 S. Stony Island Ave.,Chicago,60617,2910,2836,3086,3152,2942,3279,3460,3538,2910,3128,2585,2654,36480,Avalon,8148 S. Stony Island Ave.,Chicago,7925.0,8093.0,8748.0,11392.0,8896.0,7870.0,9318.0,9045.0,8389.0,10385.0,7523.0,7078.0,104662.0
25,Avalon,8148 S. Stony Island Ave.,Chicago,60617,2910,2836,3086,3152,2942,3279,3460,3538,2910,3128,2585,2654,36480,Jeffery Manor,2401 E. 100th St.,Chicago,4733.0,6392.0,5537.0,5750.0,5473.0,5423.0,4722.0,4233.0,4210.0,4508.0,3242.0,3259.0,57482.0
26,Avalon,8148 S. Stony Island Ave.,Chicago,60617,2910,2836,3086,3152,2942,3279,3460,3538,2910,3128,2585,2654,36480,South Chicago,9055 S. Houston Ave.,Chicago,6062.0,6279.0,7879.0,6299.0,6810.0,6856.0,6928.0,7793.0,7794.0,7790.0,6574.0,6029.0,83093.0
27,Avalon,8148 S. Stony Island Ave.,Chicago,60617,2910,2836,3086,3152,2942,3279,3460,3538,2910,3128,2585,2654,36480,Vodak-East Side,3710 E. 106th St.,Chicago,4782.0,5306.0,5703.0,4964.0,4831.0,4973.0,6037.0,4992.0,4643.0,6519.0,4837.0,2900.0,60487.0
28,Jeffery Manor,2401 E. 100th St.,Chicago,60617,632,603,632,659,503,649,791,951,927,1041,729,657,8774,Avalon,8148 S. Stony Island Ave.,Chicago,7925.0,8093.0,8748.0,11392.0,8896.0,7870.0,9318.0,9045.0,8389.0,10385.0,7523.0,7078.0,104662.0
29,Jeffery Manor,2401 E. 100th St.,Chicago,60617,632,603,632,659,503,649,791,951,927,1041,729,657,8774,Jeffery Manor,2401 E. 100th St.,Chicago,4733.0,6392.0,5537.0,5750.0,5473.0,5423.0,4722.0,4233.0,4210.0,4508.0,3242.0,3259.0,57482.0
30,Jeffery Manor,2401 E. 100th St.,Chicago,60617,632,603,632,659,503,649,791,951,927,1041,729,657,8774,South Chicago,9055 S. Houston Ave.,Chicago,6062.0,6279.0,7879.0,6299.0,6810.0,6856.0,6928.0,7793.0,7794.0,7790.0,6574.0,6029.0,83093.0
31,Jeffery Manor,2401 E. 100th St.,Chicago,60617,632,603,632,659,503,649,791,951,927,1041,729,657,8774,Vodak-East Side,3710 E. 106th St.,Chicago,4782.0,5306.0,5703.0,4964.0,4831.0,4973.0,6037.0,4992.0,4643.0,6519.0,4837.0,2900.0,60487.0
32,South Chicago,9055 S. Houston Ave.,Chicago,60617,1375,1548,1480,1677,1541,1601,1612,1614,1641,1790,1484,1336,18699,Avalon,8148 S. Stony Island Ave.,Chicago,7925.0,8093.0,8748.0,11392.0,8896.0,7870.0,9318.0,9045.0,8389.0,10385.0,7523.0,7078.0,104662.0
33,South Chicago,9055 S. Houston Ave.,Chicago,60617,1375,1548,1480,1677,1541,1601,1612,1614,1641,1790,1484,1336,18699,Jeffery Manor,2401 E. 100th St.,Chicago,4733.0,6392.0,5537.0,5750.0,5473.0,5423.0,4722.0,4233.0,4210.0,4508.0,3242.0,3259.0,57482.0
34,South Chicago,9055 S. Houston Ave.,Chicago,60617,1375,1548,1480,1677,1541,1601,1612,1614,1641,1790,1484,1336,18699,South Chicago,9055 S. Houston Ave.,Chicago,6062.0,6279.0,7879.0,6299.0,6810.0,6856.0,6928.0,7793.0,7794.0,7790.0,6574.0,6029.0,83093.0
35,South Chicago,9055 S. Houston Ave.,Chicago,60617,1375,1548,1480,1677,1541,1601,1612,1614,1641,1790,1484,1336,18699,Vodak-East Side,3710 E. 106th St.,Chicago,4782.0,5306.0,5703.0,4964.0,4831.0,4973.0,6037.0,4992.0,4643.0,6519.0,4837.0,2900.0,60487.0
36,Vodak-East Side,3710 E. 106th St.,Chicago,60617,2715,2577,2948,2581,2480,2536,2907,2621,2293,2911,2254,1208,30031,Avalon,8148 S. Stony Island Ave.,Chicago,7925.0,8093.0,8748.0,11392.0,8896.0,7870.0,9318.0,9045.0,8389.0,10385.0,7523.0,7078.0,104662.0
37,Vodak-East Side,3710 E. 106th St.,Chicago,60617,2715,2577,2948,2581,2480,2536,2907,2621,2293,2911,2254,1208,30031,Jeffery Manor,2401 E. 100th St.,Chicago,4733.0,6392.0,5537.0,5750.0,5473.0,5423.0,4722.0,4233.0,4210.0,4508.0,3242.0,3259.0,57482.0
38,Vodak-East Side,3710 E. 106th St.,Chicago,60617,2715,2577,2948,2581,2480,2536,2907,2621,2293,2911,2254,1208,30031,South Chicago,9055 S. Houston Ave.,Chicago,6062.0,6279.0,7879.0,6299.0,6810.0,6856.0,6928.0,7793.0,7794.0,7790.0,6574.0,6029.0,83093.0
39,Vodak-East Side,3710 E. 106th St.,Chicago,60617,2715,2577,2948,2581,2480,2536,2907,2621,2293,2911,2254,1208,30031,Vodak-East Side,3710 E. 106th St.,Chicago,4782.0,5306.0,5703.0,4964.0,4831.0,4973.0,6037.0,4992.0,4643.0,6519.0,4837.0,2900.0,60487.0
40,Back of the Yards,2111 W. 47th St.,Chicago,60609,2156,1856,2091,2593,1837,1772,2412,2393,1820,2286,1534,1715,24465,Back of the Yards,2111 W. 47th St.,Chicago,3382.0,3235.0,3990.0,3864.0,4310.0,3670.0,4447.0,4243.0,3801.0,4173.0,3007.0,2867.0,44989.0
41,Back of the Yards,2111 W. 47th St.,Chicago,60609,2156,1856,2091,2593,1837,1772,2412,2393,1820,2286,1534,1715,24465,Canaryville,642 W. 43rd St.,Chicago,2614.0,2956.0,3515.0,3195.0,3186.0,3617.0,3931.0,3467.0,3130.0,3435.0,3129.0,2748.0,38923.0
42,Back of the Yards,2111 W. 47th St.,Chicago,60609,2156,1856,2091,2593,1837,1772,2412,2393,1820,2286,1534,1715,24465,Chicago Bee,3647 S. State St.,Chicago,1585.0,1742.0,1957.0,2287.0,2114.0,2335.0,2184.0,1920.0,1720.0,2296.0,1925.0,1643.0,23708.0
43,Back of the Yards,2111 W. 47th St.,Chicago,60609,2156,1856,2091,2593,1837,1772,2412,2393,1820,2286,1534,1715,24465,McKinley Park,1915 W. 35th St.,Chicago,7154.0,8242.0,8220.0,8226.0,7968.0,9138.0,10614.0,8844.0,7834.0,8637.0,7739.0,6630.0,99246.0
44,Back of the Yards,2111 W. 47th St.,Chicago,60609,2156,1856,2091,2593,1837,1772,2412,2393,1820,2286,1534,1715,24465,Sherman Park,5440 S. Racine Ave.,Chicago,3089.0,3028.0,3313.0,3416.0,3445.0,3356.0,4989.0,4646.0,3469.0,4224.0,3209.0,2044.0,42228.0
45,Canaryville,642 W. 43rd St.,Chicago,60609,1617,1426,1735,1527,1562,1646,1793,1845,1612,1933,1749,1666,20111,Back of the Yards,2111 W. 47th St.,Chicago,3382.0,3235.0,3990.0,3864.0,4310.0,3670.0,4447.0,4243.0,3801.0,4173.0,3007.0,2867.0,44989.0
46,Canaryville,642 W. 43rd St.,Chicago,60609,1617,1426,1735,1527,1562,1646,1793,1845,1612,1933,1749,1666,20111,Canaryville,642 W. 43rd St.,Chicago,2614.0,2956.0,3515.0,3195.0,3186.0,3617.0,3931.0,3467.0,3130.0,3435.0,3129.0,2748.0,38923.0
47,Canaryville,642 W. 43rd St.,Chicago,60609,1617,1426,1735,1527,1562,1646,1793,1845,1612,1933,1749,1666,20111,Chicago Bee,3647 S. State St.,Chicago,1585.0,1742.0,1957.0,2287.0,2114.0,2335.0,2184.0,1920.0,1720.0,2296.0,1925.0,1643.0,23708.0
48,Canaryville,642 W. 43rd St.,Chicago,60609,1617,1426,1735,1527,1562,1646,1793,1845,1612,1933,1749,1666,20111,McKinley Park,1915 W. 35th St.,Chicago,7154.0,8242.0,8220.0,8226.0,7968.0,9138.0,10614.0,8844.0,7834.0,8637.0,7739.0,6630.0,99246.0
49,Canaryville,642 W. 43rd St.,Chicago,60609,1617,1426,1735,1527,1562,1646,1793,1845,1612,1933,1749,1666,20111,Sherman Park,5440 S. Racine Ave.,Chicago,3089.0,3028.0,3313.0,3416.0,3445.0,3356.0,4989.0,4646.0,3469.0,4224.0,3209.0,2044.0,42228.0
50,Chicago Bee,3647 S. State St.,Chicago,60609,862,991,936,731,859,817,1076,1056,970,1068,802,757,10925,Back of the Yards,2111 W. 47th St.,Chicago,3382.0,3235.0,3990.0,3864.0,4310.0,3670.0,4447.0,4243.0,3801.0,4173.0,3007.0,2867.0,44989.0
51,Chicago Bee,3647 S. State St.,Chicago,60609,862,991,936,731,859,817,1076,1056,970,1068,802,757,10925,Canaryville,642 W. 43rd St.,Chicago,2614.0,2956.0,3515.0,3195.0,3186.0,3617.0,3931.0,3467.0,3130.0,3435.0,3129.0,2748.0,38923.0
52,Chicago Bee,3647 S. State St.,Chicago,60609,862,991,936,731,859,817,1076,1056,970,1068,802,757,10925,Chicago Bee,3647 S. State St.,Chicago,1585.0,1742.0,1957.0,2287.0,2114.0,2335.0,2184.0,1920.0,1720.0,2296.0,1925.0,1643.0,23708.0
53,Chicago Bee,3647 S. State St.,Chicago,60609,862,991,936,731,859,817,1076,1056,970,1068,802,757,10925,McKinley Park,1915 W. 35th St.,Chicago,7154.0,8242.0,8220.0,8226.0,7968.0,9138.0,10614.0,8844.0,7834.0,8637.0,7739.0,6630.0,99246.0
54,Chicago Bee,3647 S. State St.,Chicago,60609,862,991,936,731,859,817,1076,1056,970,1068,802,757,10925,Sherman Park,5440 S. Racine Ave.,Chicago,3089.0,3028.0,3313.0,3416.0,3445.0,3356.0,4989.0,4646.0,3469.0,4224.0,3209.0,2044.0,42228.0
55,McKinley Park,1915 W. 35th St.,Chicago,60609,4477,4649,5101,5260,4593,4902,5079,5105,4969,5266,4521,3960,57882,Back of the Yards,2111 W. 47th St.,Chicago,3382.0,3235.0,3990.0,3864.0,4310.0,3670.0,4447.0,4243.0,3801.0,4173.0,3007.0,2867.0,44989.0
56,McKinley Park,1915 W. 35th St.,Chicago,60609,4477,4649,5101,5260,4593,4902,5079,5105,4969,5266,4521,3960,57882,Canaryville,642 W. 43rd St.,Chicago,2614.0,2956.0,3515.0,3195.0,3186.0,3617.0,3931.0,3467.0,3130.0,3435.0,3129.0,2748.0,38923.0
57,McKinley Park,1915 W. 35th St.,Chicago,60609,4477,4649,5101,5260,4593,4902,5079,5105,4969,5266,4521,3960,57882,Chicago Bee,3647 S. State St.,Chicago,1585.0,1742.0,1957.0,2287.0,2114.0,2335.0,2184.0,1920.0,1720.0,2296.0,1925.0,1643.0,23708.0
58,McKinley Park,1915 W. 35th St.,Chicago,60609,4477,4649,5101,5260,4593,4902,5079,5105,4969,5266,4521,3960,57882,McKinley Park,1915 W. 35th St.,Chicago,7154.0,8242.0,8220.0,8226.0,7968.0,9138.0,10614.0,8844.0,7834.0,8637.0,7739.0,6630.0,99246.0
59,McKinley Park,1915 W. 35th St.,Chicago,60609,4477,4649,5101,5260,4593,4902,5079,5105,4969,5266,4521,3960,57882,Sherman Park,5440 S. Racine Ave.,Chicago,3089.0,3028.0,3313.0,3416.0,3445.0,3356.0,4989.0,4646.0,3469.0,4224.0,3209.0,2044.0,42228.0
60,Sherman Park,5440 S. Racine Ave.,Chicago,60609,589,593,540,595,584,483,743,696,548,691,515,427,7004,Back of the Yards,2111 W. 47th St.,Chicago,3382.0,3235.0,3990.0,3864.0,4310.0,3670.0,4447.0,4243.0,3801.0,4173.0,3007.0,2867.0,44989.0
61,Sherman Park,5440 S. Racine Ave.,Chicago,60609,589,593,540,595,584,483,743,696,548,691,515,427,7004,Canaryville,642 W. 43rd St.,Chicago,2614.0,2956.0,3515.0,3195.0,3186.0,3617.0,3931.0,3467.0,3130.0,3435.0,3129.0,2748.0,38923.0
62,Sherman Park,5440 S. Racine Ave.,Chicago,60609,589,593,540,595,584,483,743,696,548,691,515,427,7004,Chicago Bee,3647 S. State St.,Chicago,1585.0,1742.0,1957.0,2287.0,2114.0,2335.0,2184.0,1920.0,1720.0,2296.0,1925.0,1643.0,23708.0
63,Sherman Park,5440 S. Racine Ave.,Chicago,60609,589,593,540,595,584,483,743,696,548,691,515,427,7004,McKinley Park,1915 W. 35th St.,Chicago,7154.0,8242.0,8220.0,8226.0,7968.0,9138.0,10614.0,8844.0,7834.0,8637.0,7739.0,6630.0,99246.0
64,Sherman Park,5440 S. Racine Ave.,Chicago,60609,589,593,540,595,584,483,743,696,548,691,515,427,7004,Sherman Park,5440 S. Racine Ave.,Chicago,3089.0,3028.0,3313.0,3416.0,3445.0,3356.0,4989.0,4646.0,3469.0,4224.0,3209.0,2044.0,42228.0
65,Beverly,1962 W. 95th St.,Chicago,60643,3937,4035,4177,3974,3769,4180,4425,4651,4013,4660,3980,3350,49151,Beverly,1962 W. 95th St.,Chicago,5727.0,6496.0,6627.0,6492.0,7135.0,6496.0,6890.0,6275.0,6777.0,7333.0,6761.0,3327.0,76336.0
66,Beverly,1962 W. 95th St.,Chicago,60643,3937,4035,4177,3974,3769,4180,4425,4651,4013,4660,3980,3350,49151,Walker,11071 S. Hoyne Ave.,Chicago,2885.0,2896.0,3418.0,3325.0,3725.0,4001.0,3941.0,3563.0,3268.0,1731.0,0.0,0.0,32753.0
67,Beverly,1962 W. 95th St.,Chicago,60643,3937,4035,4177,3974,3769,4180,4425,4651,4013,4660,3980,3350,49151,West Pullman,830 W. 119th St.,Chicago,7373.0,8225.0,8535.0,9508.0,7508.0,6100.0,7248.0,7048.0,6296.0,6924.0,6154.0,6789.0,87708.0
68,Walker,11071 S. Hoyne Ave.,Chicago,60643,1385,1481,1480,1381,1451,1697,2011,2080,1597,1115,54,773,16505,Beverly,1962 W. 95th St.,Chicago,5727.0,6496.0,6627.0,6492.0,7135.0,6496.0,6890.0,6275.0,6777.0,7333.0,6761.0,3327.0,76336.0
69,Walker,11071 S. Hoyne Ave.,Chicago,60643,1385,1481,1480,1381,1451,1697,2011,2080,1597,1115,54,773,16505,Walker,11071 S. Hoyne Ave.,Chicago,2885.0,2896.0,3418.0,3325.0,3725.0,4001.0,3941.0,3563.0,3268.0,1731.0,0.0,0.0,32753.0
70,Walker,11071 S. Hoyne Ave.,Chicago,60643,1385,1481,1480,1381,1451,1697,2011,2080,1597,1115,54,773,16505,West Pullman,830 W. 119th St.,Chicago,7373.0,8225.0,8535.0,9508.0,7508.0,6100.0,7248.0,7048.0,6296.0,6924.0,6154.0,6789.0,87708.0
71,West Pullman,830 W. 119th St.,Chicago,60643,1346,1439,1563,1343,1659,1656,1663,1630,1673,1422,1217,1212,17823,Beverly,1962 W. 95th St.,Chicago,5727.0,6496.0,6627.0,6492.0,7135.0,6496.0,6890.0,6275.0,6777.0,7333.0,6761.0,3327.0,76336.0
72,West Pullman,830 W. 119th St.,Chicago,60643,1346,1439,1563,1343,1659,1656,1663,1630,1673,1422,1217,1212,17823,Walker,11071 S. Hoyne Ave.,Chicago,2885.0,2896.0,3418.0,3325.0,3725.0,4001.0,3941.0,3563.0,3268.0,1731.0,0.0,0.0,32753.0
73,West Pullman,830 W. 119th St.,Chicago,60643,1346,1439,1563,1343,1659,1656,1663,1630,1673,1422,1217,1212,17823,West Pullman,830 W. 119th St.,Chicago,7373.0,8225.0,8535.0,9508.0,7508.0,6100.0,7248.0,7048.0,6296.0,6924.0,6154.0,6789.0,87708.0
74,Bezazian,1226 W. Ainslie St.,Chicago,60640,8524,7113,8426,8151,8319,7785,8873,9245,8064,8695,7625,7536,98356,Bezazian,1226 W. Ainslie St.,Chicago,9666.0,8634.0,9543.0,10704.0,10433.0,10540.0,11867.0,12265.0,9769.0,11981.0,9164.0,7005.0,121571.0
75,Blackstone,4904 S. Lake Park Ave.,Chicago,60615,7981,7477,9197,8088,7609,9343,9804,9745,7941,8423,7648,6577,99833,Blackstone,4904 S. Lake Park Ave.,Chicago,7440.0,6986.0,8107.0,8534.0,7677.0,8143.0,9601.0,8850.0,7733.0,7779.0,7112.0,6396.0,94358.0
76,Blackstone,4904 S. Lake Park Ave.,Chicago,60615,7981,7477,9197,8088,7609,9343,9804,9745,7941,8423,7648,6577,99833,Hall,4801 S. Michigan Ave.,Chicago,5040.0,7987.0,7226.0,5947.0,4439.0,5110.0,6350.0,5452.0,5026.0,5833.0,4891.0,4583.0,67884.0
77,Hall,4801 S. Michigan Ave.,Chicago,60615,1075,1028,1323,1207,1138,1382,1690,1651,1837,1573,1150,1131,16185,Blackstone,4904 S. Lake Park Ave.,Chicago,7440.0,6986.0,8107.0,8534.0,7677.0,8143.0,9601.0,8850.0,7733.0,7779.0,7112.0,6396.0,94358.0
78,Hall,4801 S. Michigan Ave.,Chicago,60615,1075,1028,1323,1207,1138,1382,1690,1651,1837,1573,1150,1131,16185,Hall,4801 S. Michigan Ave.,Chicago,5040.0,7987.0,7226.0,5947.0,4439.0,5110.0,6350.0,5452.0,5026.0,5833.0,4891.0,4583.0,67884.0
79,Brainerd,1350 W. 89th St.,Chicago,60620,677,623,649,837,878,969,720,850,897,841,659,604,9204,Brainerd,1350 W. 89th St.,Chicago,5057.0,6719.0,5235.0,6594.0,6380.0,7204.0,4534.0,4690.0,3680.0,4456.0,3039.0,2439.0,60027.0
80,Brainerd,1350 W. 89th St.,Chicago,60620,677,623,649,837,878,969,720,850,897,841,659,604,9204,Thurgood Marshall,7506 S. Racine Ave.,Chicago,5148.0,5317.0,7870.0,3967.0,6344.0,6597.0,7460.0,7055.0,5982.0,10479.0,6336.0,5654.0,78209.0
81,Thurgood Marshall,7506 S. Racine Ave.,Chicago,60620,1845,1936,1730,1753,1868,1945,2108,1699,1595,1857,1508,1295,21139,Brainerd,1350 W. 89th St.,Chicago,5057.0,6719.0,5235.0,6594.0,6380.0,7204.0,4534.0,4690.0,3680.0,4456.0,3039.0,2439.0,60027.0
82,Thurgood Marshall,7506 S. Racine Ave.,Chicago,60620,1845,1936,1730,1753,1868,1945,2108,1699,1595,1857,1508,1295,21139,Thurgood Marshall,7506 S. Racine Ave.,Chicago,5148.0,5317.0,7870.0,3967.0,6344.0,6597.0,7460.0,7055.0,5982.0,10479.0,6336.0,5654.0,78209.0
83,Bucktown-Wicker Park,1701 N. Milwaukee Ave.,Chicago,60647,8642,8309,9764,8341,8659,9859,10344,10569,9277,9444,8693,7519,109420,Bucktown-Wicker Park,1701 N. Milwaukee Ave.,Chicago,10961.0,10580.0,13487.0,10603.0,8590.0,10533.0,11950.0,11519.0,9416.0,10659.0,10384.0,9460.0,128142.0
84,Bucktown-Wicker Park,1701 N. Milwaukee Ave.,Chicago,60647,8642,8309,9764,8341,8659,9859,10344,10569,9277,9444,8693,7519,109420,Humboldt Park,1605 N. Troy St.,Chicago,5224.0,9661.0,7993.0,7773.0,6737.0,6220.0,6957.0,6630.0,5617.0,6141.0,5104.0,4489.0,78546.0
85,Bucktown-Wicker Park,1701 N. Milwaukee Ave.,Chicago,60647,8642,8309,9764,8341,8659,9859,10344,10569,9277,9444,8693,7519,109420,Logan Square,3030 W. Fullerton Ave.,Chicago,10787.0,11189.0,12731.0,13085.0,12085.0,13409.0,15385.0,14070.0,12177.0,13592.0,11271.0,10749.0,150530.0
86,Humboldt Park,1605 N. Troy St.,Chicago,60647,5075,4464,5367,4966,4348,4526,5304,4890,4473,4897,4345,3914,56569,Bucktown-Wicker Park,1701 N. Milwaukee Ave.,Chicago,10961.0,10580.0,13487.0,10603.0,8590.0,10533.0,11950.0,11519.0,9416.0,10659.0,10384.0,9460.0,128142.0
87,Humboldt Park,1605 N. Troy St.,Chicago,60647,5075,4464,5367,4966,4348,4526,5304,4890,4473,4897,4345,3914,56569,Humboldt Park,1605 N. Troy St.,Chicago,5224.0,9661.0,7993.0,7773.0,6737.0,6220.0,6957.0,6630.0,5617.0,6141.0,5104.0,4489.0,78546.0
88,Humboldt Park,1605 N. Troy St.,Chicago,60647,5075,4464,5367,4966,4348,4526,5304,4890,4473,4897,4345,3914,56569,Logan Square,3030 W. Fullerton Ave.,Chicago,10787.0,11189.0,12731.0,13085.0,12085.0,13409.0,15385.0,14070.0,12177.0,13592.0,11271.0,10749.0,150530.0
89,Logan Square,3030 W. Fullerton Ave.,Chicago,60647,10828,9873,11488,10770,11114,10870,12661,12090,10834,11858,10353,9206,131945,Bucktown-Wicker Park,1701 N. Milwaukee Ave.,Chicago,10961.0,10580.0,13487.0,10603.0,8590.0,10533.0,11950.0,11519.0,9416.0,10659.0,10384.0,9460.0,128142.0
90,Logan Square,3030 W. Fullerton Ave.,Chicago,60647,10828,9873,11488,10770,11114,10870,12661,12090,10834,11858,10353,9206,131945,Humboldt Park,1605 N. Troy St.,Chicago,5224.0,9661.0,7993.0,7773.0,6737.0,6220.0,6957.0,6630.0,5617.0,6141.0,5104.0,4489.0,78546.0
91,Logan Square,3030 W. Fullerton Ave.,Chicago,60647,10828,9873,11488,10770,11114,10870,12661,12090,10834,11858,10353,9206,131945,Logan Square,3030 W. Fullerton Ave.,Chicago,10787.0,11189.0,12731.0,13085.0,12085.0,13409.0,15385.0,14070.0,12177.0,13592.0,11271.0,10749.0,150530.0
92,Budlong Woods,5630 N. Lincoln Ave.,Chicago,60659,8892,8935,9106,8191,7487,7449,8624,8233,7203,7790,7191,6498,95599,Budlong Woods,5630 N. Lincoln Ave.,Chicago,9917.0,11174.0,11358.0,10868.0,9672.0,10735.0,11979.0,11038.0,9372.0,10725.0,9318.0,8893.0,125049.0
93,Chicago Lawn,6120 S. Kedzie Ave.,Chicago,60629,2521,2415,2883,3005,2712,2618,3362,3220,2381,4,1624,1901,28646,Chicago Lawn,6120 S. Kedzie Ave.,Chicago,5247.0,6273.0,5315.0,5792.0,5304.0,6077.0,7165.0,8598.0,4600.0,0.0,0.0,0.0,54371.0
94,Chinatown,2100 S. Wentworth Ave.,Chicago,60616,8235,7775,9347,8221,8037,8501,8711,9063,7789,7748,7175,6707,97309,Chinatown,2100 S. Wentworth Ave.,Chicago,16716.0,21237.0,24670.0,22875.0,23898.0,22703.0,24518.0,26210.0,22446.0,24910.0,21183.0,20148.0,271514.0
95,Chinatown,2100 S. Wentworth Ave.,Chicago,60616,8235,7775,9347,8221,8037,8501,8711,9063,7789,7748,7175,6707,97309,King,3436 S. King Dr.,Chicago,3695.0,4217.0,3618.0,3429.0,2261.0,2438.0,2503.0,2578.0,2107.0,2298.0,3362.0,2684.0,35190.0
96,King,3436 S. King Dr.,Chicago,60616,1713,1464,1733,1679,1598,1813,1804,1703,1891,2171,1985,1757,21311,Chinatown,2100 S. Wentworth Ave.,Chicago,16716.0,21237.0,24670.0,22875.0,23898.0,22703.0,24518.0,26210.0,22446.0,24910.0,21183.0,20148.0,271514.0
97,King,3436 S. King Dr.,Chicago,60616,1713,1464,1733,1679,1598,1813,1804,1703,1891,2171,1985,1757,21311,King,3436 S. King Dr.,Chicago,3695.0,4217.0,3618.0,3429.0,2261.0,2438.0,2503.0,2578.0,2107.0,2298.0,3362.0,2684.0,35190.0
98,Clearing,6423 W. 63rd Pl.,Chicago,60638,2534,2530,2557,2565,2800,2628,3158,3106,2594,588,958,1941,27959,Clearing,6423 W. 63rd Pl.,Chicago,4283.0,5259.0,5385.0,5196.0,4787.0,4777.0,6062.0,5700.0,4742.0,185.0,1552.0,3740.0,51668.0
99,Clearing,6423 W. 63rd Pl.,Chicago,60638,2534,2530,2557,2565,2800,2628,3158,3106,2594,588,958,1941,27959,Garfield Ridge,6348 S. Archer Ave.,Chicago,4500.0,4904.0,5803.0,5559.0,5099.0,5850.0,7855.0,6865.0,5307.0,7239.0,6105.0,5042.0,70128.0
100,Garfield Ridge,6348 S. Archer Ave.,Chicago,60638,4409,4318,4643,4517,4164,4622,5448,4765,3661,5170,4220,3250,53187,Clearing,6423 W. 63rd Pl.,Chicago,4283.0,5259.0,5385.0,5196.0,4787.0,4777.0,6062.0,5700.0,4742.0,185.0,1552.0,3740.0,51668.0
101,Garfield Ridge,6348 S. Archer Ave.,Chicago,60638,4409,4318,4643,4517,4164,4622,5448,4765,3661,5170,4220,3250,53187,Garfield Ridge,6348 S. Archer Ave.,Chicago,4500.0,4904.0,5803.0,5559.0,5099.0,5850.0,7855.0,6865.0,5307.0,7239.0,6105.0,5042.0,70128.0
102,Coleman,731 E. 63rd St.,Chicago,60637,2291,2446,2394,2464,2153,2517,2374,2244,26,1034,1675,1588,23206,Coleman,731 E. 63rd St.,Chicago,6123.0,6834.0,6745.0,7398.0,6891.0,6603.0,8386.0,7985.0,0.0,4517.0,6031.0,6884.0,74397.0
103,"Daley, Richard J.",3400 S. Halsted St.,Chicago,60608,5280,4497,5730,5508,5332,5140,5897,5438,4696,5175,5016,3980,61689,"Daley, Richard J.",3400 S. Halsted St.,Chicago,4550.0,4650.0,5042.0,5536.0,5059.0,4988.0,5952.0,5590.0,4853.0,5618.0,4720.0,4105.0,60663.0
104,"Daley, Richard J.",3400 S. Halsted St.,Chicago,60608,5280,4497,5730,5508,5332,5140,5897,5438,4696,5175,5016,3980,61689,Lozano,1805 S. Loomis St.,Chicago,10057.0,9935.0,10745.0,12061.0,9690.0,9632.0,10214.0,10118.0,9436.0,11858.0,10613.0,9009.0,123368.0
105,Lozano,1805 S. Loomis St.,Chicago,60608,3781,3346,3974,3237,2960,3189,3781,4139,3516,3952,3273,2963,42111,"Daley, Richard J.",3400 S. Halsted St.,Chicago,4550.0,4650.0,5042.0,5536.0,5059.0,4988.0,5952.0,5590.0,4853.0,5618.0,4720.0,4105.0,60663.0
106,Lozano,1805 S. Loomis St.,Chicago,60608,3781,3346,3974,3237,2960,3189,3781,4139,3516,3952,3273,2963,42111,Lozano,1805 S. Loomis St.,Chicago,10057.0,9935.0,10745.0,12061.0,9690.0,9632.0,10214.0,10118.0,9436.0,11858.0,10613.0,9009.0,123368.0
107,"Daley, Richard M.",733 N. Kedzie Ave.,Chicago,60612,2492,2471,2734,2525,2348,2471,2453,2302,2753,3317,2655,2493,31014,"Daley, Richard M.",733 N. Kedzie Ave.,Chicago,9216.0,10480.0,10319.0,9572.0,8927.0,8959.0,9283.0,11059.0,8526.0,9535.0,8850.0,11435.0,116161.0
108,"Daley, Richard M.",733 N. Kedzie Ave.,Chicago,60612,2492,2471,2734,2525,2348,2471,2453,2302,2753,3317,2655,2493,31014,Manning,6 S. Hoyne Ave.,Chicago,7361.0,7085.0,7814.0,7168.0,6320.0,6161.0,6978.0,6639.0,5923.0,8186.0,7512.0,7011.0,84158.0
109,Manning,6 S. Hoyne Ave.,Chicago,60612,1730,1729,1758,1898,1716,1705,2130,2269,1877,2116,1800,1490,22218,"Daley, Richard M.",733 N. Kedzie Ave.,Chicago,9216.0,10480.0,10319.0,9572.0,8927.0,8959.0,9283.0,11059.0,8526.0,9535.0,8850.0,11435.0,116161.0
110,Manning,6 S. Hoyne Ave.,Chicago,60612,1730,1729,1758,1898,1716,1705,2130,2269,1877,2116,1800,1490,22218,Manning,6 S. Hoyne Ave.,Chicago,7361.0,7085.0,7814.0,7168.0,6320.0,6161.0,6978.0,6639.0,5923.0,8186.0,7512.0,7011.0,84158.0
111,Douglass,3353 W. 13th St.,Chicago,60623,0,0,4,0,0,0,0,0,0,2,423,821,1250,Douglass,3353 W. 13th St.,Chicago,0.0,0.0,0.0,0.0,0.0,0.0,0.0,0.0,0.0,0.0,0.0,0.0,0.0
112,Douglass,3353 W. 13th St.,Chicago,60623,0,0,4,0,0,0,0,0,0,2,423,821,1250,Little Village,2311 S. Kedzie Ave.,Chicago,6716.0,7025.0,7467.0,7492.0,6809.0,5966.0,8116.0,7093.0,5779.0,7695.0,5774.0,4757.0,80689.0
113,Douglass,3353 W. 13th St.,Chicago,60623,0,0,4,0,0,0,0,0,0,2,423,821,1250,Toman,2708 S. Pulaski Rd.,Chicago,6426.0,6954.0,7849.0,8025.0,6567.0,7071.0,10676.0,9234.0,7270.0,9047.0,5027.0,4428.0,88574.0
114,Little Village,2311 S. Kedzie Ave.,Chicago,60623,2973,3106,3354,3732,3139,3348,3633,3547,3385,3790,2799,2474,39280,Douglass,3353 W. 13th St.,Chicago,0.0,0.0,0.0,0.0,0.0,0.0,0.0,0.0,0.0,0.0,0.0,0.0,0.0
115,Little Village,2311 S. Kedzie Ave.,Chicago,60623,2973,3106,3354,3732,3139,3348,3633,3547,3385,3790,2799,2474,39280,Little Village,2311 S. Kedzie Ave.,Chicago,6716.0,7025.0,7467.0,7492.0,6809.0,5966.0,8116.0,7093.0,5779.0,7695.0,5774.0,4757.0,80689.0
116,Little Village,2311 S. Kedzie Ave.,Chicago,60623,2973,3106,3354,3732,3139,3348,3633,3547,3385,3790,2799,2474,39280,Toman,2708 S. Pulaski Rd.,Chicago,6426.0,6954.0,7849.0,8025.0,6567.0,7071.0,10676.0,9234.0,7270.0,9047.0,5027.0,4428.0,88574.0
117,Toman,2708 S. Pulaski Rd.,Chicago,60623,4427,4176,4282,4473,3687,3752,4700,3840,4213,4874,3991,3612,50027,Douglass,3353 W. 13th St.,Chicago,0.0,0.0,0.0,0.0,0.0,0.0,0.0,0.0,0.0,0.0,0.0,0.0,0.0
118,Toman,2708 S. Pulaski Rd.,Chicago,60623,4427,4176,4282,4473,3687,3752,4700,3840,4213,4874,3991,3612,50027,Little Village,2311 S. Kedzie Ave.,Chicago,6716.0,7025.0,7467.0,7492.0,6809.0,5966.0,8116.0,7093.0,5779.0,7695.0,5774.0,4757.0,80689.0
119,Toman,2708 S. Pulaski Rd.,Chicago,60623,4427,4176,4282,4473,3687,3752,4700,3840,4213,4874,3991,3612,50027,Toman,2708 S. Pulaski Rd.,Chicago,6426.0,6954.0,7849.0,8025.0,6567.0,7071.0,10676.0,9234.0,7270.0,9047.0,5027.0,4428.0,88574.0
120,Edgebrook,5331 W. Devon Ave.,Chicago,60646,8719,8489,9174,8587,8264,9335,10893,10515,8092,8733,7434,6568,104803,Edgebrook,5331 W. Devon Ave.,Chicago,7241.0,8130.0,8517.0,8361.0,7260.0,8955.0,9688.0,9171.0,7282.0,8610.0,7074.0,6716.0,97005.0
121,Edgewater,6000 N. Broadway St.,Chicago,60660,14294,13730,14560,14545,13342,14701,16253,16822,13737,14577,13183,11655,171399,Edgewater,6000 N. Broadway St.,Chicago,11504.0,17381.0,19171.0,20253.0,15847.0,16459.0,18370.0,17216.0,15906.0,17014.0,14596.0,13328.0,197045.0
122,Galewood-Mont Clare,6871 W. Belden Ave.,Chicago,60707,749,640,856,760,783,826,856,741,923,816,649,557,9156,Galewood-Mont Clare,6871 W. Belden Ave.,Chicago,1597.0,1444.0,1725.0,2061.0,1722.0,1923.0,3067.0,1882.0,1510.0,1596.0,1129.0,807.0,20463.0
123,Greater Grand Crossing,1000 E. 73rd St.,Chicago,60619,1087,1054,1424,1267,1409,1463,2066,1605,1984,1556,1220,1129,17264,Greater Grand Crossing,1000 E. 73rd St.,Chicago,4541.0,6664.0,7689.0,7662.0,7828.0,6828.0,4125.0,3715.0,6132.0,4111.0,4940.0,5763.0,69998.0
124,Greater Grand Crossing,1000 E. 73rd St.,Chicago,60619,1087,1054,1424,1267,1409,1463,2066,1605,1984,1556,1220,1129,17264,"Whitney M. Young, Jr.",415 East 79th St.,Chicago,6599.0,6897.0,5449.0,6937.0,6943.0,6596.0,7538.0,6312.0,7118.0,7608.0,6857.0,7169.0,82023.0
125,"Whitney M. Young, Jr.",415 East 79th St.,Chicago,60619,763,1496,2003,1911,1879,1997,2126,1914,1861,2288,2089,1646,21973,Greater Grand Crossing,1000 E. 73rd St.,Chicago,4541.0,6664.0,7689.0,7662.0,7828.0,6828.0,4125.0,3715.0,6132.0,4111.0,4940.0,5763.0,69998.0
126,"Whitney M. Young, Jr.",415 East 79th St.,Chicago,60619,763,1496,2003,1911,1879,1997,2126,1914,1861,2288,2089,1646,21973,"Whitney M. Young, Jr.",415 East 79th St.,Chicago,6599.0,6897.0,5449.0,6937.0,6943.0,6596.0,7538.0,6312.0,7118.0,7608.0,6857.0,7169.0,82023.0
127,HAROLD WASHINGTON LIBRARY CENTER,400 S. State Street,CHICAGO,60605,48072,46112,52568,49554,48041,47580,51624,52012,48078,50636,44604,42270,581151,Harold Washtington Library Center,400 S. State St.,Chicago,103099.0,103013.0,121131.0,130849.0,114792.0,116673.0,119738.0,116332.0,107200.0,128546.0,102895.0,141696.0,1405964.0
128,Hegewisch,3048 E. 130th St.,Chicago,60633,1688,1573,1733,1509,1347,1566,1805,1495,1340,1840,1554,1602,19052,Hegewisch,3048 E. 130th St.,Chicago,3316.0,3462.0,3985.0,3766.0,3153.0,2999.0,3147.0,2971.0,2941.0,3366.0,2956.0,2685.0,38747.0
129,Independence,4024 N. Elston Ave.,Chicago,60618,2293,6993,8700,7706,6668,8554,9449,9876,7103,8396,7125,5592,88455,Independence,4024 N. Elston Ave.,Chicago,1370.0,6593.0,7220.0,6917.0,5745.0,7940.0,7363.0,7810.0,6034.0,6929.0,6349.0,4782.0,75052.0
130,Jefferson Park,5363 W. Lawrence Ave.,Chicago,60630,4148,94,0,0,0,0,0,0,0,9,2642,4913,11806,Jefferson Park,5363 W. Lawrence Ave.,Chicago,3918.0,0.0,0.0,0.0,0.0,0.0,0.0,0.0,0.0,0.0,0.0,2190.0,6108.0
131,Jefferson Park,5363 W. Lawrence Ave.,Chicago,60630,4148,94,0,0,0,0,0,0,0,9,2642,4913,11806,Mayfair,4400 W. Lawrence Ave.,Chicago,3625.0,4111.0,4350.0,4369.0,3606.0,3835.0,3371.0,4187.0,3903.0,4320.0,3900.0,3570.0,47147.0
132,Mayfair,4400 W. Lawrence Ave.,Chicago,60630,4283,3826,4475,3935,3606,4006,4444,4403,3873,4068,3270,2713,46902,Jefferson Park,5363 W. Lawrence Ave.,Chicago,3918.0,0.0,0.0,0.0,0.0,0.0,0.0,0.0,0.0,0.0,0.0,2190.0,6108.0
133,Mayfair,4400 W. Lawrence Ave.,Chicago,60630,4283,3826,4475,3935,3606,4006,4444,4403,3873,4068,3270,2713,46902,Mayfair,4400 W. Lawrence Ave.,Chicago,3625.0,4111.0,4350.0,4369.0,3606.0,3835.0,3371.0,4187.0,3903.0,4320.0,3900.0,3570.0,47147.0
134,Kelly,6151 S. Normal Blvd.,Chicago,60621,1048,730,711,847,906,1070,1235,1117,932,862,825,833,11116,Kelly,6151 S. Normal Blvd.,Chicago,4435.0,4047.0,4547.0,4983.0,5075.0,5598.0,7550.0,6978.0,5805.0,6778.0,4742.0,4809.0,65347.0
135,Legler Regional,115 S. Pulaski Rd.,Chicago,60624,769,767,701,723,1039,928,1240,1281,1045,79,0,0,8572,Legler Regional,115 S. Pulaski Rd.,Chicago,6386.0,6630.0,7195.0,6949.0,7489.0,4550.0,11452.0,11899.0,9477.0,0.0,0.0,0.0,72027.0
136,Lincoln Belmont,1659 W. Melrose St.,Chicago,60657,11587,11718,15218,14150,13897,14997,16318,16522,13504,15803,13617,11315,168646,Lincoln Belmont,1659 W. Melrose St.,Chicago,11415.0,11059.0,13860.0,13440.0,12697.0,13591.0,15408.0,14672.0,12394.0,14886.0,12402.0,10364.0,156188.0
137,Lincoln Belmont,1659 W. Melrose St.,Chicago,60657,11587,11718,15218,14150,13897,14997,16318,16522,13504,15803,13617,11315,168646,Merlo,644 W. Belmont Ave.,Chicago,8108.0,11525.0,0.0,0.0,0.0,0.0,0.0,0.0,0.0,0.0,0.0,0.0,19633.0
138,Merlo,644 W. Belmont Ave.,Chicago,60657,8053,6583,1,0,0,0,0,0,0,0,0,0,14637,Lincoln Belmont,1659 W. Melrose St.,Chicago,11415.0,11059.0,13860.0,13440.0,12697.0,13591.0,15408.0,14672.0,12394.0,14886.0,12402.0,10364.0,156188.0
139,Merlo,644 W. Belmont Ave.,Chicago,60657,8053,6583,1,0,0,0,0,0,0,0,0,0,14637,Merlo,644 W. Belmont Ave.,Chicago,8108.0,11525.0,0.0,0.0,0.0,0.0,0.0,0.0,0.0,0.0,0.0,0.0,19633.0
140,Lincoln Park,1150 W. Fullerton Ave.,Chicago,60614,9826,9336,11605,10534,10314,11653,12704,12758,11161,12329,11050,10067,133337,Lincoln Park,1150 W. Fullerton Ave.,Chicago,9854.0,13476.0,14077.0,11767.0,9822.0,10961.0,12604.0,11804.0,10455.0,11912.0,10723.0,9969.0,137424.0
141,Little Italy,1336 W. Taylor St.,Chicago,60607,1088,3975,6130,5485,5717,6177,6750,6558,4983,5642,5020,4756,62281,Little Italy,1336 W. Taylor St.,Chicago,0.0,4816.0,11303.0,11381.0,11304.0,11502.0,12663.0,12261.0,10363.0,12198.0,10555.0,9705.0,118051.0
142,Little Italy,1336 W. Taylor St.,Chicago,60607,1088,3975,6130,5485,5717,6177,6750,6558,4983,5642,5020,4756,62281,West Loop,122 N. Aberdeen St.,Chicago,3323.0,7748.0,7628.0,7529.0,6881.0,6892.0,7895.0,7753.0,6520.0,7804.0,7554.0,6442.0,83969.0
143,West Loop,122 N. Aberdeen St.,Chicago,60607,2620,5386,5732,4838,4830,4879,5720,5916,5124,5449,4789,4122,59405,Little Italy,1336 W. Taylor St.,Chicago,0.0,4816.0,11303.0,11381.0,11304.0,11502.0,12663.0,12261.0,10363.0,12198.0,10555.0,9705.0,118051.0
144,West Loop,122 N. Aberdeen St.,Chicago,60607,2620,5386,5732,4838,4830,4879,5720,5916,5124,5449,4789,4122,59405,West Loop,122 N. Aberdeen St.,Chicago,3323.0,7748.0,7628.0,7529.0,6881.0,6892.0,7895.0,7753.0,6520.0,7804.0,7554.0,6442.0,83969.0
145,Mount Greenwood,11010 S. Kedzie Ave.,Chicago,60655,4301,4637,4949,4624,4788,5486,6275,5271,4309,4748,4179,3483,57050,Mount Greenwood,11010 S. Kedzie Ave.,Chicago,4670.0,4966.0,4987.0,5070.0,5094.0,5670.0,6647.0,3999.0,2293.0,3048.0,2614.0,2217.0,51275.0
146,Near North,310 W. Division St.,Chicago,60610,8232,7589,8325,8367,8600,8953,9921,9653,8051,9220,7965,7350,102226,Near North,310 W. Division St.,Chicago,10281.0,11897.0,11311.0,10963.0,10209.0,11213.0,12401.0,11582.0,10023.0,11624.0,9205.0,9447.0,130156.0
147,North Austin,5724 W. North Ave.,Chicago,60639,997,821,735,995,959,1030,1308,1333,1161,1238,1014,875,12466,North Austin,5724 W. North Ave.,Chicago,3163.0,2591.0,2364.0,3658.0,3457.0,3369.0,4244.0,4556.0,3488.0,4209.0,3419.0,3439.0,41957.0
148,North Austin,5724 W. North Ave.,Chicago,60639,997,821,735,995,959,1030,1308,1333,1161,1238,1014,875,12466,North Pulaski,4300 W. North Ave.,Chicago,3324.0,4141.0,5013.0,3923.0,3875.0,3948.0,4404.0,5103.0,3372.0,4093.0,3590.0,2932.0,47718.0
149,North Pulaski,4300 W. North Ave.,Chicago,60639,2476,2106,2397,2677,2290,2076,2514,2514,2097,2314,2074,1695,27230,North Austin,5724 W. North Ave.,Chicago,3163.0,2591.0,2364.0,3658.0,3457.0,3369.0,4244.0,4556.0,3488.0,4209.0,3419.0,3439.0,41957.0
150,North Pulaski,4300 W. North Ave.,Chicago,60639,2476,2106,2397,2677,2290,2076,2514,2514,2097,2314,2074,1695,27230,North Pulaski,4300 W. North Ave.,Chicago,3324.0,4141.0,5013.0,3923.0,3875.0,3948.0,4404.0,5103.0,3372.0,4093.0,3590.0,2932.0,47718.0
151,Northtown,6800 N. Western Ave.,Chicago,60645,109,45,9413,10129,9740,11365,13998,12762,9765,11590,9017,9011,106944,Northtown,6800 N. Western Ave.,Chicago,0.0,0.0,8377.0,10287.0,10443.0,10928.0,13805.0,13024.0,10819.0,12803.0,10329.0,3418.0,104233.0
152,Oriole Park,7454 W. Balmoral Ave.,Chicago,60656,5120,5265,6103,5583,5305,6012,6505,5992,4985,5501,4503,4334,65208,Oriole Park,7454 W. Balmoral Ave.,Chicago,6053.0,7235.0,7352.0,6842.0,6241.0,6540.0,7478.0,6484.0,7282.0,7216.0,6509.0,6597.0,81829.0
153,Portage-Cragin,5108 W. Belmont Ave.,Chicago,60641,6272,5363,6671,2688,0,1265,6023,5576,5101,4703,4909,4062,52633,Portage-Cragin,5108 W. Belmont Ave.,Chicago,5687.0,7332.0,7091.0,3696.0,0.0,722.0,6029.0,5739.0,4948.0,3960.0,5244.0,4353.0,54801.0
154,Pullman,11001 S. Indiana Ave.,Chicago,60628,1139,1072,1052,1013,1104,1155,976,1042,1067,1046,885,955,12506,Pullman,11001 S. Indiana Ave.,Chicago,3919.0,3820.0,4214.0,4370.0,3626.0,3985.0,4783.0,4638.0,4086.0,4430.0,3803.0,3696.0,49370.0
155,Pullman,11001 S. Indiana Ave.,Chicago,60628,1139,1072,1052,1013,1104,1155,976,1042,1067,1046,885,955,12506,Woodson Regional Library,9525 S. Halsted St.,Chicago,15153.0,21771.0,22059.0,18687.0,16703.0,17239.0,18549.0,16946.0,17550.0,19223.0,15232.0,15061.0,214173.0
156,Woodson Regional Library,9525 S. Halsted St.,Chicago,60628,5061,5034,5524,5313,4683,5133,5103,4966,5118,5475,4667,3856,59933,Pullman,11001 S. Indiana Ave.,Chicago,3919.0,3820.0,4214.0,4370.0,3626.0,3985.0,4783.0,4638.0,4086.0,4430.0,3803.0,3696.0,49370.0
157,Woodson Regional Library,9525 S. Halsted St.,Chicago,60628,5061,5034,5524,5313,4683,5133,5103,4966,5118,5475,4667,3856,59933,Woodson Regional Library,9525 S. Halsted St.,Chicago,15153.0,21771.0,22059.0,18687.0,16703.0,17239.0,18549.0,16946.0,17550.0,19223.0,15232.0,15061.0,214173.0
158,Roden,6083 N. Northwest Hwy.,Chicago,60631,5994,5749,6976,6455,5990,6697,7785,6981,5813,6196,5845,2444,72925,Roden,6083 N. Northwest Hwy.,Chicago,4319.0,11837.0,10835.0,6604.0,4550.0,5163.0,5669.0,5857.0,4441.0,5405.0,4277.0,1925.0,70882.0
159,Rogers Park,6907 N. Clark St.,Chicago,60626,10289,10039,10648,9532,8916,9357,10283,10171,8841,9068,8141,7680,112965,Rogers Park,6907 N. Clark St.,Chicago,14708.0,12762.0,11756.0,12728.0,12520.0,12630.0,14204.0,14437.0,11482.0,13277.0,11192.0,10366.0,152062.0
160,Scottsdale,4101 W. 79th St.,Chicago,60652,2062,1744,2184,2016,1875,1836,2038,1826,1530,1719,1689,1404,21923,Scottsdale,4101 W. 79th St.,Chicago,3407.0,3639.0,3388.0,4375.0,3744.0,3481.0,4237.0,3922.0,3503.0,4085.0,3692.0,3041.0,44514.0
161,Scottsdale,4101 W. 79th St.,Chicago,60652,2062,1744,2184,2016,1875,1836,2038,1826,1530,1719,1689,1404,21923,Wrightwood-Ashburn,8530 S. Kedzie Ave.,Chicago,3740.0,2742.0,3248.0,3925.0,3401.0,4020.0,4994.0,4567.0,4462.0,4802.0,3880.0,3572.0,47353.0
162,Wrightwood-Ashburn,8530 S. Kedzie Ave.,Chicago,60652,1478,1322,1526,1440,1566,1675,1812,1631,1552,1475,1297,833,17607,Scottsdale,4101 W. 79th St.,Chicago,3407.0,3639.0,3388.0,4375.0,3744.0,3481.0,4237.0,3922.0,3503.0,4085.0,3692.0,3041.0,44514.0
163,Wrightwood-Ashburn,8530 S. Kedzie Ave.,Chicago,60652,1478,1322,1526,1440,1566,1675,1812,1631,1552,1475,1297,833,17607,Wrightwood-Ashburn,8530 S. Kedzie Ave.,Chicago,3740.0,2742.0,3248.0,3925.0,3401.0,4020.0,4994.0,4567.0,4462.0,4802.0,3880.0,3572.0,47353.0
164,South Shore,2505 E. 73rd St.,Chicago,60649,2052,511,7,0,0,0,0,0,0,0,0,1,2571,South Shore,2505 E. 73rd St.,Chicago,5613.0,5077.0,0.0,0.0,0.0,0.0,0.0,0.0,0.0,0.0,0.0,0.0,10690.0
165,Uptown,929 W. Buena Ave.,Chicago,60613,4063,5991,7361,7704,7969,8542,9561,9434,7843,8226,7514,6661,90869,Uptown,929 W. Buena Ave.,Chicago,2827.0,8495.0,11025.0,11894.0,12081.0,11212.0,12847.0,12931.0,11159.0,12083.0,10504.0,9632.0,126690.0
166,Water Works,163 E. Pearson Street,Chicago,60611,4141,3801,4478,4515,4864,4964,5788,5799,5057,5194,5049,4308,57958,West Belmont,3104 N. Narragansett Ave.,Chicago,2099.0,6107.0,6601.0,6253.0,5345.0,5968.0,6061.0,5570.0,4909.0,5503.0,4104.0,3723.0,62243.0
167,West Belmont,3104 N. Narragansett Ave.,Chicago,60611,2334,4986,5554,6818,6454,7153,6601,6583,5137,5871,4561,3801,65853,West Belmont,3104 N. Narragansett Ave.,Chicago,2099.0,6107.0,6601.0,6253.0,5345.0,5968.0,6061.0,5570.0,4909.0,5503.0,4104.0,3723.0,62243.0
168,West Englewood,1745 W. 63rd St.,Chicago,60651,1053,940,1043,1095,1200,1100,1249,1469,1227,1181,1123,854,13534,West Englewood,1745 W. 63rd St.,Chicago,5708.0,5481.0,5904.0,5717.0,5555.0,5780.0,6270.0,6818.0,5744.0,6739.0,4684.0,4843.0,69243.0
169,West Lawn,4020 W. 63rd St.,Chicago,60636,2757,2631,2859,3038,2761,2807,3470,3049,2919,4307,3305,2479,36382,West Lawn,4020 W. 63rd St.,Chicago,4032.0,4603.0,4727.0,5068.0,5002.0,5173.0,5857.0,7376.0,5870.0,6832.0,5152.0,5267.0,64959.0
170,West Town,1625 W. Chicago Ave.,Chicago,60622,5076,4166,5454,5075,4659,5366,5756,5878,5001,4950,4511,3997,59889,West Town,1625 W. Chicago Ave.,Chicago,7861.0,7916.0,8861.0,8380.0,7901.0,7270.0,11701.0,9935.0,8172.0,9223.0,8235.0,7371.0,102826.0
171,Downloadable Media,,,,152141,136133,152785,145498,150737,148996,157917,163365,155047,160544,157606,160404,1841173,,,,,,,,,,,,,,,,
172,Online Renewals,,,,341631,306094,342679,345215,348981,328378,350655,340238,412119,530358,564782,610050,4821180,,,,,,,,,,,,,,,,
173,Itivia Renewals,,,,4269,3170,3539,3744,3622,3280,3794,3525,3048,2060,1559,1420,37030,,,,,,,,,,,,,,,,
