,ADDRESS,CITY,ZIP,JANUARY,FEBRUARY,MARCH,APRIL,MAY,JUNE,JULY,AUGUST,SEPTEMBER,OCTOBER,NOVEMBER,DECEMBER,YTD,TYPE,YEAR
0,3401 W. Foster Ave.,Chicago,60625,8214.0,7614.0,8460.0,7414.0,7044.0,7970.0,9664.0,9069.0,7053.0,8012.0,6571.0,5924.0,93009.0,Circulation,2019
1,3401 W. Foster Ave.,Chicago,60625,8214.0,7614.0,8460.0,7414.0,7044.0,7970.0,9664.0,9069.0,7053.0,8012.0,6571.0,5924.0,93009.0,Visitors,2019
2,13281 S. Corliss Ave.,Chicago,60827,378.0,326.0,332.0,270.0,320.0,325.0,354.0,229.0,234.0,377.0,369.0,500.0,4014.0,Circulation,2019
3,13281 S. Corliss Ave.,Chicago,60827,378.0,326.0,332.0,270.0,320.0,325.0,354.0,229.0,234.0,377.0,369.0,500.0,4014.0,Visitors,2019
4,5055 S. Archer Ave.,Chicago,60632,5365.0,5019.0,5417.0,5349.0,4833.0,4627.0,5356.0,4793.0,4537.0,5263.0,4051.0,3415.0,58025.0,Circulation,2019
5,5055 S. Archer Ave.,Chicago,60632,5365.0,5019.0,5417.0,5349.0,4833.0,4627.0,5356.0,4793.0,4537.0,5263.0,4051.0,3415.0,58025.0,Visitors,2019
6,5615 W. Race Ave.,Chicago,60644,215.0,590.0,706.0,736.0,806.0,983.0,1134.0,1236.0,1193.0,1361.0,1286.0,1082.0,11328.0,Circulation,2019
7,5615 W. Race Ave.,Chicago,60644,215.0,590.0,706.0,736.0,806.0,983.0,1134.0,1236.0,1193.0,1361.0,1286.0,1082.0,11328.0,Visitors,2019
8,6100 W. Irving Park Rd.,Chicago,60634,9678.0,9764.0,10845.0,10541.0,9763.0,11442.0,11634.0,11063.0,9379.0,9932.0,8567.0,6492.0,119100.0,Circulation,2019
9,6100 W. Irving Park Rd.,Chicago,60634,9678.0,9764.0,10845.0,10541.0,9763.0,11442.0,11634.0,11063.0,9379.0,9932.0,8567.0,6492.0,119100.0,Visitors,2019
10,8148 S. Stony Island Ave.,Chicago,60617,2910.0,2836.0,3086.0,3152.0,2942.0,3279.0,3460.0,3538.0,2910.0,3128.0,2585.0,2654.0,36480.0,Circulation,2019
11,8148 S. Stony Island Ave.,Chicago,60617,2910.0,2836.0,3086.0,3152.0,2942.0,3279.0,3460.0,3538.0,2910.0,3128.0,2585.0,2654.0,36480.0,Visitors,2019
12,2111 W. 47th St.,Chicago,60609,2156.0,1856.0,2091.0,2593.0,1837.0,1772.0,2412.0,2393.0,1820.0,2286.0,1534.0,1715.0,24465.0,Circulation,2019
13,2111 W. 47th St.,Chicago,60609,2156.0,1856.0,2091.0,2593.0,1837.0,1772.0,2412.0,2393.0,1820.0,2286.0,1534.0,1715.0,24465.0,Visitors,2019
14,1962 W. 95th St.,Chicago,60643,3937.0,4035.0,4177.0,3974.0,3769.0,4180.0,4425.0,4651.0,4013.0,4660.0,3980.0,3350.0,49151.0,Circulation,2019
15,1962 W. 95th St.,Chicago,60643,3937.0,4035.0,4177.0,3974.0,3769.0,4180.0,4425.0,4651.0,4013.0,4660.0,3980.0,3350.0,49151.0,Visitors,2019
16,1226 W. Ainslie St.,Chicago,60640,8524.0,7113.0,8426.0,8151.0,8319.0,7785.0,8873.0,9245.0,8064.0,8695.0,7625.0,7536.0,98356.0,Circulation,2019
17,1226 W. Ainslie St.,Chicago,60640,8524.0,7113.0,8426.0,8151.0,8319.0,7785.0,8873.0,9245.0,8064.0,8695.0,7625.0,7536.0,98356.0,Visitors,2019
18,4904 S. Lake Park Ave.,Chicago,60615,7981.0,7477.0,9197.0,8088.0,7609.0,9343.0,9804.0,9745.0,7941.0,8423.0,7648.0,6577.0,99833.0,Circulation,2019
19,4904 S. Lake Park Ave.,Chicago,60615,7981.0,7477.0,9197.0,8088.0,7609.0,9343.0,9804.0,9745.0,7941.0,8423.0,7648.0,6577.0,99833.0,Visitors,2019
20,1350 W. 89th St.,Chicago,60620,677.0,623.0,649.0,837.0,878.0,969.0,720.0,850.0,897.0,841.0,659.0,604.0,9204.0,Circulation,2019
21,1350 W. 89th St.,Chicago,60620,677.0,623.0,649.0,837.0,878.0,969.0,720.0,850.0,897.0,841.0,659.0,604.0,9204.0,Visitors,2019
22,4314 S. Archer Ave.,Chicago,60632,4157.0,3471.0,4160.0,3668.0,3650.0,3524.0,3759.0,4420.0,3786.0,4443.0,3223.0,2747.0,45008.0,Circulation,2019
23,4314 S. Archer Ave.,Chicago,60632,4157.0,3471.0,4160.0,3668.0,3650.0,3524.0,3759.0,4420.0,3786.0,4443.0,3223.0,2747.0,45008.0,Visitors,2019
24,1701 N. Milwaukee Ave.,Chicago,60647,8642.0,8309.0,9764.0,8341.0,8659.0,9859.0,10344.0,10569.0,9277.0,9444.0,8693.0,7519.0,109420.0,Circulation,2019
25,1701 N. Milwaukee Ave.,Chicago,60647,8642.0,8309.0,9764.0,8341.0,8659.0,9859.0,10344.0,10569.0,9277.0,9444.0,8693.0,7519.0,109420.0,Visitors,2019
26,5630 N. Lincoln Ave.,Chicago,60659,8892.0,8935.0,9106.0,8191.0,7487.0,7449.0,8624.0,8233.0,7203.0,7790.0,7191.0,6498.0,95599.0,Circulation,2019
27,5630 N. Lincoln Ave.,Chicago,60659,8892.0,8935.0,9106.0,8191.0,7487.0,7449.0,8624.0,8233.0,7203.0,7790.0,7191.0,6498.0,95599.0,Visitors,2019
28,642 W. 43rd St.,Chicago,60609,1617.0,1426.0,1735.0,1527.0,1562.0,1646.0,1793.0,1845.0,1612.0,1933.0,1749.0,1666.0,20111.0,Circulation,2019
29,642 W. 43rd St.,Chicago,60609,1617.0,1426.0,1735.0,1527.0,1562.0,1646.0,1793.0,1845.0,1612.0,1933.0,1749.0,1666.0,20111.0,Visitors,2019
30,3647 S. State St.,Chicago,60609,862.0,991.0,936.0,731.0,859.0,817.0,1076.0,1056.0,970.0,1068.0,802.0,757.0,10925.0,Circulation,2019
31,3647 S. State St.,Chicago,60609,862.0,991.0,936.0,731.0,859.0,817.0,1076.0,1056.0,970.0,1068.0,802.0,757.0,10925.0,Visitors,2019
32,6120 S. Kedzie Ave.,Chicago,60629,2521.0,2415.0,2883.0,3005.0,2712.0,2618.0,3362.0,3220.0,2381.0,4.0,1624.0,1901.0,28646.0,Circulation,2019
33,6120 S. Kedzie Ave.,Chicago,60629,2521.0,2415.0,2883.0,3005.0,2712.0,2618.0,3362.0,3220.0,2381.0,4.0,1624.0,1901.0,28646.0,Visitors,2019
34,2100 S. Wentworth Ave.,Chicago,60616,8235.0,7775.0,9347.0,8221.0,8037.0,8501.0,8711.0,9063.0,7789.0,7748.0,7175.0,6707.0,97309.0,Circulation,2019
35,2100 S. Wentworth Ave.,Chicago,60616,8235.0,7775.0,9347.0,8221.0,8037.0,8501.0,8711.0,9063.0,7789.0,7748.0,7175.0,6707.0,97309.0,Visitors,2019
36,6423 W. 63rd Pl.,Chicago,60638,2534.0,2530.0,2557.0,2565.0,2800.0,2628.0,3158.0,3106.0,2594.0,588.0,958.0,1941.0,27959.0,Circulation,2019
37,6423 W. 63rd Pl.,Chicago,60638,2534.0,2530.0,2557.0,2565.0,2800.0,2628.0,3158.0,3106.0,2594.0,588.0,958.0,1941.0,27959.0,Visitors,2019
38,731 E. 63rd St.,Chicago,60637,2291.0,2446.0,2394.0,2464.0,2153.0,2517.0,2374.0,2244.0,26.0,1034.0,1675.0,1588.0,23206.0,Circulation,2019
39,731 E. 63rd St.,Chicago,60637,2291.0,2446.0,2394.0,2464.0,2153.0,2517.0,2374.0,2244.0,26.0,1034.0,1675.0,1588.0,23206.0,Visitors,2019
40,3400 S. Halsted St.,Chicago,60608,5280.0,4497.0,5730.0,5508.0,5332.0,5140.0,5897.0,5438.0,4696.0,5175.0,5016.0,3980.0,61689.0,Circulation,2019
41,3400 S. Halsted St.,Chicago,60608,5280.0,4497.0,5730.0,5508.0,5332.0,5140.0,5897.0,5438.0,4696.0,5175.0,5016.0,3980.0,61689.0,Visitors,2019
42,733 N. Kedzie Ave.,Chicago,60612,2492.0,2471.0,2734.0,2525.0,2348.0,2471.0,2453.0,2302.0,2753.0,3317.0,2655.0,2493.0,31014.0,Circulation,2019
43,733 N. Kedzie Ave.,Chicago,60612,2492.0,2471.0,2734.0,2525.0,2348.0,2471.0,2453.0,2302.0,2753.0,3317.0,2655.0,2493.0,31014.0,Visitors,2019
44,3353 W. 13th St.,Chicago,60623,0.0,0.0,4.0,0.0,0.0,0.0,0.0,0.0,0.0,2.0,423.0,821.0,1250.0,Circulation,2019
45,3353 W. 13th St.,Chicago,60623,0.0,0.0,4.0,0.0,0.0,0.0,0.0,0.0,0.0,2.0,423.0,821.0,1250.0,Visitors,2019
46,7455 W. Cornelia Ave.,Chicago,60634,4058.0,4305.0,4361.0,4329.0,3820.0,3835.0,4769.0,4348.0,4261.0,3534.0,3443.0,3183.0,48246.0,Circulation,2019
47,7455 W. Cornelia Ave.,Chicago,60634,4058.0,4305.0,4361.0,4329.0,3820.0,3835.0,4769.0,4348.0,4261.0,3534.0,3443.0,3183.0,48246.0,Visitors,2019
48,5331 W. Devon Ave.,Chicago,60646,8719.0,8489.0,9174.0,8587.0,8264.0,9335.0,10893.0,10515.0,8092.0,8733.0,7434.0,6568.0,104803.0,Circulation,2019
49,5331 W. Devon Ave.,Chicago,60646,8719.0,8489.0,9174.0,8587.0,8264.0,9335.0,10893.0,10515.0,8092.0,8733.0,7434.0,6568.0,104803.0,Visitors,2019
50,6000 N. Broadway St.,Chicago,60660,14294.0,13730.0,14560.0,14545.0,13342.0,14701.0,16253.0,16822.0,13737.0,14577.0,13183.0,11655.0,171399.0,Circulation,2019
51,6000 N. Broadway St.,Chicago,60660,14294.0,13730.0,14560.0,14545.0,13342.0,14701.0,16253.0,16822.0,13737.0,14577.0,13183.0,11655.0,171399.0,Visitors,2019
52,2807 W. 55th St.,Chicago,60632,1012.0,825.0,1048.0,1055.0,898.0,1082.0,1513.0,1140.0,1117.0,1950.0,1365.0,1097.0,14102.0,Circulation,2019
53,2807 W. 55th St.,Chicago,60632,1012.0,825.0,1048.0,1055.0,898.0,1082.0,1513.0,1140.0,1117.0,1950.0,1365.0,1097.0,14102.0,Visitors,2019
54,6871 W. Belden Ave.,Chicago,60707,749.0,640.0,856.0,760.0,783.0,826.0,856.0,741.0,923.0,816.0,649.0,557.0,9156.0,Circulation,2019
55,6871 W. Belden Ave.,Chicago,60707,749.0,640.0,856.0,760.0,783.0,826.0,856.0,741.0,923.0,816.0,649.0,557.0,9156.0,Visitors,2019
56,6348 S. Archer Ave.,Chicago,60638,4409.0,4318.0,4643.0,4517.0,4164.0,4622.0,5448.0,4765.0,3661.0,5170.0,4220.0,3250.0,53187.0,Circulation,2019
57,6348 S. Archer Ave.,Chicago,60638,4409.0,4318.0,4643.0,4517.0,4164.0,4622.0,5448.0,4765.0,3661.0,5170.0,4220.0,3250.0,53187.0,Visitors,2019
58,1000 E. 73rd St.,Chicago,60619,1087.0,1054.0,1424.0,1267.0,1409.0,1463.0,2066.0,1605.0,1984.0,1556.0,1220.0,1129.0,17264.0,Circulation,2019
59,1000 E. 73rd St.,Chicago,60619,1087.0,1054.0,1424.0,1267.0,1409.0,1463.0,2066.0,1605.0,1984.0,1556.0,1220.0,1129.0,17264.0,Visitors,2019
60,4801 S. Michigan Ave.,Chicago,60615,1075.0,1028.0,1323.0,1207.0,1138.0,1382.0,1690.0,1651.0,1837.0,1573.0,1150.0,1131.0,16185.0,Circulation,2019
61,4801 S. Michigan Ave.,Chicago,60615,1075.0,1028.0,1323.0,1207.0,1138.0,1382.0,1690.0,1651.0,1837.0,1573.0,1150.0,1131.0,16185.0,Visitors,2019
62,400 S. State Street,CHICAGO,60605,48072.0,46112.0,52568.0,49554.0,48041.0,47580.0,51624.0,52012.0,48078.0,50636.0,44604.0,42270.0,581151.0,Circulation,2019
63,400 S. State Street,CHICAGO,60605,48072.0,46112.0,52568.0,49554.0,48041.0,47580.0,51624.0,52012.0,48078.0,50636.0,44604.0,42270.0,581151.0,Visitors,2019
64,3048 E. 130th St.,Chicago,60633,1688.0,1573.0,1733.0,1509.0,1347.0,1566.0,1805.0,1495.0,1340.0,1840.0,1554.0,1602.0,19052.0,Circulation,2019
65,3048 E. 130th St.,Chicago,60633,1688.0,1573.0,1733.0,1509.0,1347.0,1566.0,1805.0,1495.0,1340.0,1840.0,1554.0,1602.0,19052.0,Visitors,2019
66,1605 N. Troy St.,Chicago,60647,5075.0,4464.0,5367.0,4966.0,4348.0,4526.0,5304.0,4890.0,4473.0,4897.0,4345.0,3914.0,56569.0,Circulation,2019
67,1605 N. Troy St.,Chicago,60647,5075.0,4464.0,5367.0,4966.0,4348.0,4526.0,5304.0,4890.0,4473.0,4897.0,4345.0,3914.0,56569.0,Visitors,2019
68,4024 N. Elston Ave.,Chicago,60618,2293.0,6993.0,8700.0,7706.0,6668.0,8554.0,9449.0,9876.0,7103.0,8396.0,7125.0,5592.0,88455.0,Circulation,2019
69,4024 N. Elston Ave.,Chicago,60618,2293.0,6993.0,8700.0,7706.0,6668.0,8554.0,9449.0,9876.0,7103.0,8396.0,7125.0,5592.0,88455.0,Visitors,2019
70,5363 W. Lawrence Ave.,Chicago,60630,4148.0,94.0,0.0,0.0,0.0,0.0,0.0,0.0,0.0,9.0,2642.0,4913.0,11806.0,Circulation,2019
71,5363 W. Lawrence Ave.,Chicago,60630,4148.0,94.0,0.0,0.0,0.0,0.0,0.0,0.0,0.0,9.0,2642.0,4913.0,11806.0,Visitors,2019
72,2401 E. 100th St.,Chicago,60617,632.0,603.0,632.0,659.0,503.0,649.0,791.0,951.0,927.0,1041.0,729.0,657.0,8774.0,Circulation,2019
73,2401 E. 100th St.,Chicago,60617,632.0,603.0,632.0,659.0,503.0,649.0,791.0,951.0,927.0,1041.0,729.0,657.0,8774.0,Visitors,2019
74,6151 S. Normal Blvd.,Chicago,60621,1048.0,730.0,711.0,847.0,906.0,1070.0,1235.0,1117.0,932.0,862.0,825.0,833.0,11116.0,Circulation,2019
75,6151 S. Normal Blvd.,Chicago,60621,1048.0,730.0,711.0,847.0,906.0,1070.0,1235.0,1117.0,932.0,862.0,825.0,833.0,11116.0,Visitors,2019
76,3436 S. King Dr.,Chicago,60616,1713.0,1464.0,1733.0,1679.0,1598.0,1813.0,1804.0,1703.0,1891.0,2171.0,1985.0,1757.0,21311.0,Circulation,2019
77,3436 S. King Dr.,Chicago,60616,1713.0,1464.0,1733.0,1679.0,1598.0,1813.0,1804.0,1703.0,1891.0,2171.0,1985.0,1757.0,21311.0,Visitors,2019
78,115 S. Pulaski Rd.,Chicago,60624,769.0,767.0,701.0,723.0,1039.0,928.0,1240.0,1281.0,1045.0,79.0,0.0,0.0,8572.0,Circulation,2019
79,115 S. Pulaski Rd.,Chicago,60624,769.0,767.0,701.0,723.0,1039.0,928.0,1240.0,1281.0,1045.0,79.0,0.0,0.0,8572.0,Visitors,2019
80,1659 W. Melrose St.,Chicago,60657,11587.0,11718.0,15218.0,14150.0,13897.0,14997.0,16318.0,16522.0,13504.0,15803.0,13617.0,11315.0,168646.0,Circulation,2019
81,1659 W. Melrose St.,Chicago,60657,11587.0,11718.0,15218.0,14150.0,13897.0,14997.0,16318.0,16522.0,13504.0,15803.0,13617.0,11315.0,168646.0,Visitors,2019
82,1150 W. Fullerton Ave.,Chicago,60614,9826.0,9336.0,11605.0,10534.0,10314.0,11653.0,12704.0,12758.0,11161.0,12329.0,11050.0,10067.0,133337.0,Circulation,2019
83,1150 W. Fullerton Ave.,Chicago,60614,9826.0,9336.0,11605.0,10534.0,10314.0,11653.0,12704.0,12758.0,11161.0,12329.0,11050.0,10067.0,133337.0,Visitors,2019
84,1336 W. Taylor St.,Chicago,60607,1088.0,3975.0,6130.0,5485.0,5717.0,6177.0,6750.0,6558.0,4983.0,5642.0,5020.0,4756.0,62281.0,Circulation,2019
85,1336 W. Taylor St.,Chicago,60607,1088.0,3975.0,6130.0,5485.0,5717.0,6177.0,6750.0,6558.0,4983.0,5642.0,5020.0,4756.0,62281.0,Visitors,2019
86,2311 S. Kedzie Ave.,Chicago,60623,2973.0,3106.0,3354.0,3732.0,3139.0,3348.0,3633.0,3547.0,3385.0,3790.0,2799.0,2474.0,39280.0,Circulation,2019
87,2311 S. Kedzie Ave.,Chicago,60623,2973.0,3106.0,3354.0,3732.0,3139.0,3348.0,3633.0,3547.0,3385.0,3790.0,2799.0,2474.0,39280.0,Visitors,2019
88,3030 W. Fullerton Ave.,Chicago,60647,10828.0,9873.0,11488.0,10770.0,11114.0,10870.0,12661.0,12090.0,10834.0,11858.0,10353.0,9206.0,131945.0,Circulation,2019
89,3030 W. Fullerton Ave.,Chicago,60647,10828.0,9873.0,11488.0,10770.0,11114.0,10870.0,12661.0,12090.0,10834.0,11858.0,10353.0,9206.0,131945.0,Visitors,2019
90,1805 S. Loomis St.,Chicago,60608,3781.0,3346.0,3974.0,3237.0,2960.0,3189.0,3781.0,4139.0,3516.0,3952.0,3273.0,2963.0,42111.0,Circulation,2019
91,1805 S. Loomis St.,Chicago,60608,3781.0,3346.0,3974.0,3237.0,2960.0,3189.0,3781.0,4139.0,3516.0,3952.0,3273.0,2963.0,42111.0,Visitors,2019
92,6 S. Hoyne Ave.,Chicago,60612,1730.0,1729.0,1758.0,1898.0,1716.0,1705.0,2130.0,2269.0,1877.0,2116.0,1800.0,1490.0,22218.0,Circulation,2019
93,6 S. Hoyne Ave.,Chicago,60612,1730.0,1729.0,1758.0,1898.0,1716.0,1705.0,2130.0,2269.0,1877.0,2116.0,1800.0,1490.0,22218.0,Visitors,2019
94,4400 W. Lawrence Ave.,Chicago,60630,4283.0,3826.0,4475.0,3935.0,3606.0,4006.0,4444.0,4403.0,3873.0,4068.0,3270.0,2713.0,46902.0,Circulation,2019
95,4400 W. Lawrence Ave.,Chicago,60630,4283.0,3826.0,4475.0,3935.0,3606.0,4006.0,4444.0,4403.0,3873.0,4068.0,3270.0,2713.0,46902.0,Visitors,2019
96,1915 W. 35th St.,Chicago,60609,4477.0,4649.0,5101.0,5260.0,4593.0,4902.0,5079.0,5105.0,4969.0,5266.0,4521.0,3960.0,57882.0,Circulation,2019
97,1915 W. 35th St.,Chicago,60609,4477.0,4649.0,5101.0,5260.0,4593.0,4902.0,5079.0,5105.0,4969.0,5266.0,4521.0,3960.0,57882.0,Visitors,2019
98,644 W. Belmont Ave.,Chicago,60657,8053.0,6583.0,1.0,0.0,0.0,0.0,0.0,0.0,0.0,0.0,0.0,0.0,14637.0,Circulation,2019
99,644 W. Belmont Ave.,Chicago,60657,8053.0,6583.0,1.0,0.0,0.0,0.0,0.0,0.0,0.0,0.0,0.0,0.0,14637.0,Visitors,2019
100,11010 S. Kedzie Ave.,Chicago,60655,4301.0,4637.0,4949.0,4624.0,4788.0,5486.0,6275.0,5271.0,4309.0,4748.0,4179.0,3483.0,57050.0,Circulation,2019
101,11010 S. Kedzie Ave.,Chicago,60655,4301.0,4637.0,4949.0,4624.0,4788.0,5486.0,6275.0,5271.0,4309.0,4748.0,4179.0,3483.0,57050.0,Visitors,2019
102,310 W. Division St.,Chicago,60610,8232.0,7589.0,8325.0,8367.0,8600.0,8953.0,9921.0,9653.0,8051.0,9220.0,7965.0,7350.0,102226.0,Circulation,2019
103,310 W. Division St.,Chicago,60610,8232.0,7589.0,8325.0,8367.0,8600.0,8953.0,9921.0,9653.0,8051.0,9220.0,7965.0,7350.0,102226.0,Visitors,2019
104,5724 W. North Ave.,Chicago,60639,997.0,821.0,735.0,995.0,959.0,1030.0,1308.0,1333.0,1161.0,1238.0,1014.0,875.0,12466.0,Circulation,2019
105,5724 W. North Ave.,Chicago,60639,997.0,821.0,735.0,995.0,959.0,1030.0,1308.0,1333.0,1161.0,1238.0,1014.0,875.0,12466.0,Visitors,2019
106,4300 W. North Ave.,Chicago,60639,2476.0,2106.0,2397.0,2677.0,2290.0,2076.0,2514.0,2514.0,2097.0,2314.0,2074.0,1695.0,27230.0,Circulation,2019
107,4300 W. North Ave.,Chicago,60639,2476.0,2106.0,2397.0,2677.0,2290.0,2076.0,2514.0,2514.0,2097.0,2314.0,2074.0,1695.0,27230.0,Visitors,2019
108,6800 N. Western Ave.,Chicago,60645,109.0,45.0,9413.0,10129.0,9740.0,11365.0,13998.0,12762.0,9765.0,11590.0,9017.0,9011.0,106944.0,Circulation,2019
109,6800 N. Western Ave.,Chicago,60645,109.0,45.0,9413.0,10129.0,9740.0,11365.0,13998.0,12762.0,9765.0,11590.0,9017.0,9011.0,106944.0,Visitors,2019
110,7454 W. Balmoral Ave.,Chicago,60656,5120.0,5265.0,6103.0,5583.0,5305.0,6012.0,6505.0,5992.0,4985.0,5501.0,4503.0,4334.0,65208.0,Circulation,2019
111,7454 W. Balmoral Ave.,Chicago,60656,5120.0,5265.0,6103.0,5583.0,5305.0,6012.0,6505.0,5992.0,4985.0,5501.0,4503.0,4334.0,65208.0,Visitors,2019
112,5108 W. Belmont Ave.,Chicago,60641,6272.0,5363.0,6671.0,2688.0,0.0,1265.0,6023.0,5576.0,5101.0,4703.0,4909.0,4062.0,52633.0,Circulation,2019
113,5108 W. Belmont Ave.,Chicago,60641,6272.0,5363.0,6671.0,2688.0,0.0,1265.0,6023.0,5576.0,5101.0,4703.0,4909.0,4062.0,52633.0,Visitors,2019
114,11001 S. Indiana Ave.,Chicago,60628,1139.0,1072.0,1052.0,1013.0,1104.0,1155.0,976.0,1042.0,1067.0,1046.0,885.0,955.0,12506.0,Circulation,2019
115,11001 S. Indiana Ave.,Chicago,60628,1139.0,1072.0,1052.0,1013.0,1104.0,1155.0,976.0,1042.0,1067.0,1046.0,885.0,955.0,12506.0,Visitors,2019
116,6083 N. Northwest Hwy.,Chicago,60631,5994.0,5749.0,6976.0,6455.0,5990.0,6697.0,7785.0,6981.0,5813.0,6196.0,5845.0,2444.0,72925.0,Circulation,2019
117,6083 N. Northwest Hwy.,Chicago,60631,5994.0,5749.0,6976.0,6455.0,5990.0,6697.0,7785.0,6981.0,5813.0,6196.0,5845.0,2444.0,72925.0,Visitors,2019
118,6907 N. Clark St.,Chicago,60626,10289.0,10039.0,10648.0,9532.0,8916.0,9357.0,10283.0,10171.0,8841.0,9068.0,8141.0,7680.0,112965.0,Circulation,2019
119,6907 N. Clark St.,Chicago,60626,10289.0,10039.0,10648.0,9532.0,8916.0,9357.0,10283.0,10171.0,8841.0,9068.0,8141.0,7680.0,112965.0,Visitors,2019
120,4101 W. 79th St.,Chicago,60652,2062.0,1744.0,2184.0,2016.0,1875.0,1836.0,2038.0,1826.0,1530.0,1719.0,1689.0,1404.0,21923.0,Circulation,2019
121,4101 W. 79th St.,Chicago,60652,2062.0,1744.0,2184.0,2016.0,1875.0,1836.0,2038.0,1826.0,1530.0,1719.0,1689.0,1404.0,21923.0,Visitors,2019
122,5440 S. Racine Ave.,Chicago,60609,589.0,593.0,540.0,595.0,584.0,483.0,743.0,696.0,548.0,691.0,515.0,427.0,7004.0,Circulation,2019
123,5440 S. Racine Ave.,Chicago,60609,589.0,593.0,540.0,595.0,584.0,483.0,743.0,696.0,548.0,691.0,515.0,427.0,7004.0,Visitors,2019
124,9055 S. Houston Ave.,Chicago,60617,1375.0,1548.0,1480.0,1677.0,1541.0,1601.0,1612.0,1614.0,1641.0,1790.0,1484.0,1336.0,18699.0,Circulation,2019
125,9055 S. Houston Ave.,Chicago,60617,1375.0,1548.0,1480.0,1677.0,1541.0,1601.0,1612.0,1614.0,1641.0,1790.0,1484.0,1336.0,18699.0,Visitors,2019
126,2505 E. 73rd St.,Chicago,60649,2052.0,511.0,7.0,0.0,0.0,0.0,0.0,0.0,0.0,0.0,0.0,1.0,2571.0,Circulation,2019
127,2505 E. 73rd St.,Chicago,60649,2052.0,511.0,7.0,0.0,0.0,0.0,0.0,0.0,0.0,0.0,0.0,1.0,2571.0,Visitors,2019
128,4455 N. Lincoln Ave.,Chicago,60625,31782.0,29305.0,33438.0,30611.0,29432.0,32036.0,33964.0,33231.0,29364.0,30507.0,29105.0,26755.0,369530.0,Circulation,2019
129,4455 N. Lincoln Ave.,Chicago,60625,31782.0,29305.0,33438.0,30611.0,29432.0,32036.0,33964.0,33231.0,29364.0,30507.0,29105.0,26755.0,369530.0,Visitors,2019
130,7506 S. Racine Ave.,Chicago,60620,1845.0,1936.0,1730.0,1753.0,1868.0,1945.0,2108.0,1699.0,1595.0,1857.0,1508.0,1295.0,21139.0,Circulation,2019
131,7506 S. Racine Ave.,Chicago,60620,1845.0,1936.0,1730.0,1753.0,1868.0,1945.0,2108.0,1699.0,1595.0,1857.0,1508.0,1295.0,21139.0,Visitors,2019
132,2708 S. Pulaski Rd.,Chicago,60623,4427.0,4176.0,4282.0,4473.0,3687.0,3752.0,4700.0,3840.0,4213.0,4874.0,3991.0,3612.0,50027.0,Circulation,2019
133,2708 S. Pulaski Rd.,Chicago,60623,4427.0,4176.0,4282.0,4473.0,3687.0,3752.0,4700.0,3840.0,4213.0,4874.0,3991.0,3612.0,50027.0,Visitors,2019
134,929 W. Buena Ave.,Chicago,60613,4063.0,5991.0,7361.0,7704.0,7969.0,8542.0,9561.0,9434.0,7843.0,8226.0,7514.0,6661.0,90869.0,Circulation,2019
135,929 W. Buena Ave.,Chicago,60613,4063.0,5991.0,7361.0,7704.0,7969.0,8542.0,9561.0,9434.0,7843.0,8226.0,7514.0,6661.0,90869.0,Visitors,2019
136,3710 E. 106th St.,Chicago,60617,2715.0,2577.0,2948.0,2581.0,2480.0,2536.0,2907.0,2621.0,2293.0,2911.0,2254.0,1208.0,30031.0,Circulation,2019
137,3710 E. 106th St.,Chicago,60617,2715.0,2577.0,2948.0,2581.0,2480.0,2536.0,2907.0,2621.0,2293.0,2911.0,2254.0,1208.0,30031.0,Visitors,2019
138,11071 S. Hoyne Ave.,Chicago,60643,1385.0,1481.0,1480.0,1381.0,1451.0,1697.0,2011.0,2080.0,1597.0,1115.0,54.0,773.0,16505.0,Circulation,2019
139,11071 S. Hoyne Ave.,Chicago,60643,1385.0,1481.0,1480.0,1381.0,1451.0,1697.0,2011.0,2080.0,1597.0,1115.0,54.0,773.0,16505.0,Visitors,2019
140,163 E. Pearson Street,Chicago,60611,4141.0,3801.0,4478.0,4515.0,4864.0,4964.0,5788.0,5799.0,5057.0,5194.0,5049.0,4308.0,57958.0,Circulation,2019
141,163 E. Pearson Street,Chicago,60611,4141.0,3801.0,4478.0,4515.0,4864.0,4964.0,5788.0,5799.0,5057.0,5194.0,5049.0,4308.0,57958.0,Visitors,2019
142,3104 N. Narragansett Ave.,Chicago,60611,2334.0,4986.0,5554.0,6818.0,6454.0,7153.0,6601.0,6583.0,5137.0,5871.0,4561.0,3801.0,65853.0,Circulation,2019
143,3104 N. Narragansett Ave.,Chicago,60611,2334.0,4986.0,5554.0,6818.0,6454.0,7153.0,6601.0,6583.0,5137.0,5871.0,4561.0,3801.0,65853.0,Visitors,2019
144,4856 W. Chicago Ave.,Chicago,60634,827.0,767.0,684.0,756.0,851.0,228.0,845.0,731.0,802.0,1031.0,704.0,586.0,8812.0,Circulation,2019
145,4856 W. Chicago Ave.,Chicago,60634,827.0,767.0,684.0,756.0,851.0,228.0,845.0,731.0,802.0,1031.0,704.0,586.0,8812.0,Visitors,2019
146,1745 W. 63rd St.,Chicago,60651,1053.0,940.0,1043.0,1095.0,1200.0,1100.0,1249.0,1469.0,1227.0,1181.0,1123.0,854.0,13534.0,Circulation,2019
147,1745 W. 63rd St.,Chicago,60651,1053.0,940.0,1043.0,1095.0,1200.0,1100.0,1249.0,1469.0,1227.0,1181.0,1123.0,854.0,13534.0,Visitors,2019
148,4020 W. 63rd St.,Chicago,60636,2757.0,2631.0,2859.0,3038.0,2761.0,2807.0,3470.0,3049.0,2919.0,4307.0,3305.0,2479.0,36382.0,Circulation,2019
149,4020 W. 63rd St.,Chicago,60636,2757.0,2631.0,2859.0,3038.0,2761.0,2807.0,3470.0,3049.0,2919.0,4307.0,3305.0,2479.0,36382.0,Visitors,2019
150,122 N. Aberdeen St.,Chicago,60607,2620.0,5386.0,5732.0,4838.0,4830.0,4879.0,5720.0,5916.0,5124.0,5449.0,4789.0,4122.0,59405.0,Circulation,2019
151,122 N. Aberdeen St.,Chicago,60607,2620.0,5386.0,5732.0,4838.0,4830.0,4879.0,5720.0,5916.0,5124.0,5449.0,4789.0,4122.0,59405.0,Visitors,2019
152,830 W. 119th St.,Chicago,60643,1346.0,1439.0,1563.0,1343.0,1659.0,1656.0,1663.0,1630.0,1673.0,1422.0,1217.0,1212.0,17823.0,Circulation,2019
153,830 W. 119th St.,Chicago,60643,1346.0,1439.0,1563.0,1343.0,1659.0,1656.0,1663.0,1630.0,1673.0,1422.0,1217.0,1212.0,17823.0,Visitors,2019
154,1625 W. Chicago Ave.,Chicago,60622,5076.0,4166.0,5454.0,5075.0,4659.0,5366.0,5756.0,5878.0,5001.0,4950.0,4511.0,3997.0,59889.0,Circulation,2019
155,1625 W. Chicago Ave.,Chicago,60622,5076.0,4166.0,5454.0,5075.0,4659.0,5366.0,5756.0,5878.0,5001.0,4950.0,4511.0,3997.0,59889.0,Visitors,2019
156,415 East 79th St.,Chicago,60619,763.0,1496.0,2003.0,1911.0,1879.0,1997.0,2126.0,1914.0,1861.0,2288.0,2089.0,1646.0,21973.0,Circulation,2019
157,415 East 79th St.,Chicago,60619,763.0,1496.0,2003.0,1911.0,1879.0,1997.0,2126.0,1914.0,1861.0,2288.0,2089.0,1646.0,21973.0,Visitors,2019
158,9525 S. Halsted St.,Chicago,60628,5061.0,5034.0,5524.0,5313.0,4683.0,5133.0,5103.0,4966.0,5118.0,5475.0,4667.0,3856.0,59933.0,Circulation,2019
159,9525 S. Halsted St.,Chicago,60628,5061.0,5034.0,5524.0,5313.0,4683.0,5133.0,5103.0,4966.0,5118.0,5475.0,4667.0,3856.0,59933.0,Visitors,2019
160,8530 S. Kedzie Ave.,Chicago,60652,1478.0,1322.0,1526.0,1440.0,1566.0,1675.0,1812.0,1631.0,1552.0,1475.0,1297.0,833.0,17607.0,Circulation,2019
161,8530 S. Kedzie Ave.,Chicago,60652,1478.0,1322.0,1526.0,1440.0,1566.0,1675.0,1812.0,1631.0,1552.0,1475.0,1297.0,833.0,17607.0,Visitors,2019
162,11071 S. Hoyne Ave.,Chicago,60643,1084.0,1084.0,963.0,0.0,0.0,465.0,805.0,875.0,889.0,946.0,712.0,736.0,8559.0,Circulation,2020
163,3401 W. Foster Ave.,Chicago,60625,7062.0,6338.0,3957.0,0.0,0.0,3130.0,5015.0,5095.0,4810.0,4807.0,4738.0,4295.0,49247.0,Circulation,2020
164,8148 S. Stony Island Ave.,Chicago,60617,2531.0,2244.0,1798.0,0.0,0.0,917.0,1466.0,1349.0,1543.0,1935.0,1407.0,1609.0,16799.0,Circulation,2020
165,1350 W. 89th St.,Chicago,60620,583.0,450.0,314.0,0.0,0.0,139.0,288.0,382.0,364.0,488.0,258.0,311.0,3577.0,Circulation,2020
166,7454 W. Balmoral Ave.,Chicago,60656,6094.0,4772.0,3772.0,0.0,0.0,2792.0,4465.0,3772.0,4188.0,4486.0,4208.0,4134.0,42683.0,Circulation,2020
167,1336 W. Taylor St.,Chicago,60607,5351.0,4915.0,3249.0,0.0,0.0,2876.0,3969.0,3816.0,3728.0,3814.0,3727.0,2341.0,37786.0,Circulation,2020
168,5331 W. Devon Ave.,Chicago,60646,8446.0,6924.0,5378.0,0.0,2.0,4591.0,7465.0,7083.0,6899.0,6664.0,4243.0,6304.0,63999.0,Circulation,2020
169,6151 S. Normal Blvd.,Chicago,60621,933.0,773.0,561.0,0.0,0.0,291.0,307.0,365.0,317.0,417.0,250.0,284.0,4498.0,Circulation,2020
170,6000 N. Broadway St.,Chicago,60660,14221.0,13235.0,9551.0,0.0,35.0,6613.0,10245.0,9833.0,9739.0,10487.0,9853.0,9758.0,103570.0,Circulation,2020
171,310 W. Division St.,Chicago,60610,8411.0,7896.0,4181.0,0.0,0.0,5435.0,8240.0,8014.0,8163.0,8189.0,7204.0,6765.0,72498.0,Circulation,2020
172,642 W. 43rd St.,Chicago,60609,1538.0,1571.0,984.0,0.0,6.0,0.0,0.0,0.0,0.0,21.0,0.0,0.0,4120.0,Circulation,2020
173,3400 S. Halsted St.,Chicago,60608,4460.0,4534.0,3439.0,0.0,0.0,2480.0,3809.0,3545.0,3804.0,4125.0,3450.0,3399.0,37045.0,Circulation,2020
174,6 S. Hoyne Ave.,Chicago,60612,1728.0,1597.0,0.0,0.0,0.0,0.0,0.0,0.0,0.0,0.0,0.0,0.0,3325.0,Circulation,2020
175,5108 W. Belmont Ave.,Chicago,60641,5674.0,4989.0,3519.0,0.0,0.0,2184.0,3091.0,3544.0,3445.0,3634.0,3233.0,2949.0,36262.0,Circulation,2020
176,415 East 79th St.,Chicago,60619,1781.0,1655.0,1094.0,0.0,0.0,403.0,840.0,767.0,867.0,833.0,826.0,644.0,9710.0,Circulation,2020
177,1000 E. 73rd St.,Chicago,60619,1265.0,1021.0,768.0,0.0,0.0,424.0,624.0,509.0,592.0,524.0,395.0,617.0,6739.0,Circulation,2020
178,4101 W. 79th St.,Chicago,60652,1890.0,1661.0,1246.0,0.0,1.0,658.0,1059.0,1051.0,1013.0,1164.0,960.0,947.0,11650.0,Circulation,2020
179,13281 S. Corliss Ave.,Chicago,60827,360.0,271.0,148.0,0.0,0.0,0.0,0.0,0.0,23.0,1.0,141.0,165.0,1109.0,Circulation,2020
180,4020 W. 63rd St.,Chicago,60629,3340.0,2954.0,1835.0,0.0,0.0,897.0,1197.0,1345.0,1617.0,1535.0,1313.0,963.0,16996.0,Circulation,2020
181,2111 W. 47th St.,Chicago,60609,1889.0,1847.0,1541.0,0.0,0.0,570.0,798.0,818.0,1087.0,1026.0,857.0,718.0,11151.0,Circulation,2020
182,6907 N. Clark St.,Chicago,60626,8713.0,8311.0,5421.0,1.0,5.0,4386.0,7040.0,7083.0,7252.0,7167.0,3328.0,6867.0,65574.0,Circulation,2020
183,6348 S. Archer Ave.,Chicago,60638,3964.0,3688.0,2942.0,0.0,0.0,1749.0,2711.0,2813.0,2934.0,2797.0,2528.0,2347.0,28473.0,Circulation,2020
184,3436 S. King Dr.,Chicago,60616,2157.0,1770.0,1276.0,0.0,0.0,135.0,982.0,872.0,960.0,1057.0,876.0,1060.0,11145.0,Circulation,2020
185,163 E. Pearson Street,Chicago,60611,5122.0,4327.0,3085.0,0.0,0.0,0.0,0.0,0.0,0.0,0.0,0.0,0.0,12534.0,Circulation,2020
186,733 N. Kedzie Ave.,Chicago,60612,2800.0,2600.0,1643.0,0.0,0.0,1213.0,1310.0,1656.0,1598.0,1640.0,1237.0,1268.0,16965.0,Circulation,2020
187,1605 N. Troy St.,Chicago,60647,4333.0,4248.0,3380.0,0.0,0.0,1815.0,2991.0,3186.0,3462.0,5922.0,3748.0,3161.0,36246.0,Circulation,2020
188,4455 N. Lincoln Ave.,Chicago,60625,30141.0,28385.0,19560.0,0.0,1.0,14566.0,22356.0,22163.0,22489.0,22846.0,22776.0,21181.0,226464.0,Circulation,2020
189,4904 S. Lake Park Ave.,Chicago,60615,7975.0,7461.0,4281.0,0.0,0.0,4583.0,6324.0,5951.0,6350.0,6111.0,5961.0,5840.0,60837.0,Circulation,2020
190,5724 W. North Ave.,Chicago,60639,1072.0,869.0,573.0,0.0,0.0,410.0,647.0,703.0,796.0,705.0,682.0,636.0,7093.0,Circulation,2020
191,1625 W. Chicago Ave.,Chicago,60622,4684.0,4537.0,3287.0,0.0,0.0,2582.0,3101.0,3382.0,3452.0,3847.0,3394.0,3269.0,35535.0,Circulation,2020
192,5630 N. Lincoln Ave.,Chicago,60659,7384.0,6714.0,4696.0,0.0,0.0,3109.0,5321.0,5578.0,5659.0,6165.0,5467.0,5534.0,55627.0,Circulation,2020
193,1150 W. Fullerton Ave.,Chicago,60614,12260.0,11556.0,7889.0,0.0,0.0,6265.0,9061.0,8792.0,8753.0,9925.0,8895.0,8669.0,92065.0,Circulation,2020
194,1745 W. 63rd St.,Chicago,60636,1050.0,905.0,557.0,0.0,0.0,191.0,261.0,347.0,369.0,362.0,337.0,242.0,4621.0,Circulation,2020
195,5055 S. Archer Ave.,Chicago,60632,3769.0,3498.0,2681.0,0.0,0.0,1398.0,2151.0,2103.0,2194.0,2365.0,1954.0,1816.0,23929.0,Circulation,2020
196,3048 E. 130th St.,Chicago,60633,2020.0,1334.0,1404.0,0.0,0.0,602.0,1052.0,1113.0,1195.0,1219.0,652.0,888.0,11479.0,Circulation,2020
197,4024 N. Elston Ave.,Chicago,60618,6652.0,7177.0,3946.0,0.0,0.0,3919.0,6265.0,5913.0,5559.0,5734.0,5356.0,5173.0,55694.0,Circulation,2020
198,1805 S. Loomis St.,Chicago,60608,3456.0,2838.0,1732.0,2.0,0.0,1142.0,2019.0,2201.0,2296.0,2186.0,1783.0,1881.0,21536.0,Circulation,2020
199,2505 E. 73rd St.,Chicago,60649,1.0,965.0,1088.0,0.0,0.0,643.0,851.0,876.0,977.0,1038.0,808.0,533.0,7780.0,Circulation,2020
200,2100 S. Wentworth Ave.,Chicago,60616,6044.0,5774.0,3024.0,0.0,5.0,2783.0,3699.0,3788.0,3891.0,4285.0,3502.0,3539.0,40334.0,Circulation,2020
201,3353 W. 13th St.,Chicago,60623,1112.0,879.0,577.0,0.0,0.0,235.0,368.0,311.0,418.0,414.0,276.0,195.0,4785.0,Circulation,2020
202,3030 W. Fullerton Ave.,Chicago,60647,11156.0,10359.0,7846.0,0.0,1.0,4824.0,9139.0,8789.0,7514.0,3.0,5421.0,6871.0,71923.0,Circulation,2020
203,6083 N. Northwest Hwy.,Chicago,60631,1518.0,4675.0,4110.0,0.0,0.0,3236.0,4845.0,2779.0,3830.0,4345.0,4095.0,3821.0,37254.0,Circulation,2020
204,6871 W. Belden Ave.,Chicago,60707,732.0,628.0,345.0,0.0,0.0,0.0,0.0,0.0,0.0,0.0,0.0,0.0,1705.0,Circulation,2020
205,3104 N. Narragansett Ave.,Chicago,60634,4697.0,4840.0,4026.0,0.0,11.0,1249.0,2989.0,2957.0,3032.0,3390.0,3049.0,2782.0,33022.0,Circulation,2020
206,1701 N. Milwaukee Ave.,Chicago,60647,9696.0,9222.0,6361.0,0.0,0.0,4494.0,6914.0,7265.0,7067.0,9118.0,7314.0,7422.0,74873.0,Circulation,2020
207,4300 W. North Ave.,Chicago,60639,1733.0,1962.0,954.0,0.0,0.0,722.0,846.0,999.0,1102.0,1294.0,963.0,690.0,11265.0,Circulation,2020
208,1915 W. 35th St.,Chicago,60609,4750.0,4363.0,3334.0,0.0,0.0,2296.0,3279.0,2914.0,2705.0,2790.0,2562.0,2022.0,31015.0,Circulation,2020
209,830 W. 119th St.,Chicago,60643,1449.0,1491.0,1083.0,0.0,0.0,344.0,678.0,790.0,842.0,739.0,703.0,649.0,8768.0,Circulation,2020
210,1962 W. 95th St.,Chicago,60643,3746.0,3822.0,3017.0,0.0,0.0,1937.0,2928.0,2817.0,2940.0,2793.0,2824.0,2349.0,29173.0,Circulation,2020
211,115 S. Pulaski Rd.,Chicago,60624,0.0,0.0,0.0,0.0,0.0,0.0,0.0,0.0,0.0,1.0,23.0,221.0,245.0,Circulation,2020
212,2708 S. Pulaski Rd.,Chicago,60623,4410.0,3785.0,3086.0,0.0,0.0,1239.0,2000.0,1602.0,1921.0,2100.0,1959.0,1679.0,23781.0,Circulation,2020
213,5615 W. Race Ave.,Chicago,60644,1315.0,1235.0,809.0,0.0,0.0,452.0,730.0,920.0,944.0,782.0,639.0,566.0,8392.0,Circulation,2020
214,8530 S. Kedzie Ave.,Chicago,60652,1313.0,1244.0,1016.0,0.0,0.0,512.0,764.0,674.0,760.0,947.0,645.0,721.0,8596.0,Circulation,2020
215,5363 W. Lawrence Ave.,Chicago,60630,6161.0,5460.0,4235.0,0.0,2.0,3067.0,4073.0,3099.0,3574.0,4299.0,4109.0,3663.0,41742.0,Circulation,2020
216,4400 W. Lawrence Ave.,Chicago,60630,2929.0,2892.0,2079.0,0.0,0.0,1547.0,2408.0,2419.0,2662.0,2654.0,2626.0,2230.0,24446.0,Circulation,2020
217,9055 S. Houston Ave.,Chicago,60617,1667.0,1234.0,804.0,0.0,0.0,342.0,534.0,709.0,790.0,885.0,577.0,6.0,7548.0,Circulation,2020
218,6423 W. 63rd Pl.,Chicago,60638,2242.0,2139.0,1754.0,0.0,0.0,1109.0,1686.0,1626.0,1866.0,1686.0,1437.0,1407.0,16952.0,Circulation,2020
219,644 W. Belmont Ave.,Chicago,60657,0.0,0.0,0.0,0.0,0.0,36.0,5627.0,6722.0,7177.0,7703.0,7005.0,6881.0,41151.0,Circulation,2020
220,929 W. Buena Ave.,Chicago,60613,7877.0,7308.0,5655.0,0.0,0.0,4160.0,6301.0,5730.0,5915.0,6060.0,5055.0,5446.0,59507.0,Circulation,2020
221,6120 S. Kedzie Ave.,Chicago,60629,2161.0,2506.0,1774.0,0.0,1.0,854.0,1321.0,1641.0,1278.0,1163.0,1271.0,1110.0,15080.0,Circulation,2020
222,400 S. State Street,Chicago,60605,48585.0,42078.0,31090.0,275.0,245.0,16445.0,22446.0,23210.0,24061.0,24382.0,23071.0,20990.0,276878.0,Circulation,2020
223,4314 S. Archer Ave.,Chicago,60632,3047.0,2830.0,2327.0,0.0,0.0,881.0,1610.0,1969.0,1859.0,1914.0,1373.0,1237.0,19047.0,Circulation,2020
224,4856 W. Chicago Ave.,Chicago,60651,703.0,713.0,412.0,0.0,0.0,207.0,345.0,284.0,298.0,338.0,236.0,138.0,3674.0,Circulation,2020
225,2311 S. Kedzie Ave.,Chicago,60623,2862.0,2444.0,1659.0,0.0,0.0,855.0,1144.0,1347.0,1602.0,1445.0,1132.0,1136.0,15626.0,Circulation,2020
226,1659 W. Melrose St.,Chicago,60657,14013.0,13412.0,9198.0,0.0,12.0,7628.0,10263.0,9744.0,10462.0,11492.0,9859.0,9305.0,105388.0,Circulation,2020
227,2807 W. 55th St.,Chicago,60632,1254.0,1233.0,727.0,0.0,0.0,0.0,0.0,0.0,0.0,0.0,0.0,0.0,3214.0,Circulation,2020
228,6800 N. Western Ave.,Chicago,60645,10481.0,9613.0,7569.0,19.0,0.0,6868.0,10675.0,10285.0,9867.0,10236.0,9692.0,9492.0,94797.0,Circulation,2020
229,7455 W. Cornelia Ave.,Chicago,60634,3769.0,3407.0,3017.0,0.0,0.0,2675.0,3465.0,3218.0,2786.0,2978.0,2817.0,2368.0,30500.0,Circulation,2020
230,1226 W. Ainslie St.,Chicago,60640,8134.0,7405.0,5063.0,1.0,0.0,4028.0,6402.0,6339.0,6441.0,6726.0,5794.0,4218.0,60551.0,Circulation,2020
231,122 N. Aberdeen St.,Chicago,60607,5153.0,4618.0,2853.0,0.0,0.0,2238.0,3442.0,3858.0,3322.0,4115.0,3678.0,3434.0,36711.0,Circulation,2020
232,11001 S. Indiana Ave.,Chicago,60628,840.0,716.0,551.0,0.0,0.0,204.0,375.0,249.0,16.0,0.0,222.0,195.0,3368.0,Circulation,2020
233,2401 E. 100th St.,Chicago,60617,662.0,500.0,482.0,0.0,0.0,278.0,454.0,381.0,373.0,393.0,277.0,291.0,4091.0,Circulation,2020
234,4801 S. Michigan Ave.,Chicago,60615,1249.0,1108.0,990.0,0.0,0.0,749.0,945.0,823.0,903.0,868.0,70.0,0.0,7705.0,Circulation,2020
235,11010 S. Kedzie Ave.,Chicago,60655,4603.0,3804.0,3015.0,0.0,0.0,2467.0,3297.0,3308.0,3425.0,3364.0,3317.0,2807.0,33407.0,Circulation,2020
236,731 E. 63rd St.,Chicago,60637,1747.0,1750.0,1032.0,0.0,0.0,727.0,923.0,1061.0,1015.0,888.0,798.0,836.0,10777.0,Circulation,2020
237,6100 W. Irving Park Rd.,Chicago,60634,7877.0,7175.0,4749.0,0.0,0.0,4077.0,6122.0,5898.0,6365.0,5869.0,4495.0,4077.0,56704.0,Circulation,2020
238,9525 S. Halsted St.,Chicago,60628,4587.0,4162.0,3034.0,0.0,10.0,1292.0,2022.0,2011.0,2187.0,2387.0,1802.0,1779.0,25273.0,Circulation,2020
239,7506 S. Racine Ave.,Chicago,60620,1485.0,1471.0,872.0,0.0,0.0,480.0,804.0,807.0,1008.0,1054.0,815.0,777.0,9573.0,Circulation,2020
240,3647 S. State St.,Chicago,60609,749.0,728.0,537.0,0.0,0.0,384.0,594.0,588.0,750.0,657.0,498.0,550.0,6035.0,Circulation,2020
241,3710 E. 106th St.,Chicago,60617,986.0,2091.0,1792.0,0.0,0.0,713.0,1343.0,1454.0,1246.0,1356.0,1578.0,1126.0,13685.0,Circulation,2020
242,5440 S. Racine Ave.,Chicago,60609,411.0,521.0,373.0,0.0,0.0,117.0,202.0,223.0,209.0,129.0,302.0,188.0,2675.0,Circulation,2020
243,11071 S. Hoyne Ave.,Chicago,60643,0.0,0.0,0.0,0.0,0.0,0.0,147.0,547.0,480.0,765.0,263.0,404.0,2606.0,Visitors,2020
244,3401 W. Foster Ave.,Chicago,60625,9878.0,9473.0,5077.0,0.0,0.0,3188.0,4156.0,4566.0,4295.0,4272.0,3727.0,3567.0,52199.0,Visitors,2020
245,8148 S. Stony Island Ave.,Chicago,60617,8908.0,7616.0,4437.0,0.0,0.0,2713.0,3939.0,4140.0,3933.0,3899.0,3575.0,2083.0,45243.0,Visitors,2020
246,1350 W. 89th St.,Chicago,60620,2455.0,2279.0,1522.0,0.0,0.0,707.0,494.0,600.0,686.0,726.0,559.0,580.0,10608.0,Visitors,2020
247,7454 W. Balmoral Ave.,Chicago,60656,7781.0,6343.0,3920.0,0.0,0.0,1616.0,2382.0,2927.0,3467.0,3263.0,3626.0,3289.0,38614.0,Visitors,2020
248,1336 W. Taylor St.,Chicago,60607,10850.0,10504.0,3401.0,0.0,0.0,2996.0,3099.0,2300.0,2087.0,1240.0,2886.0,1570.0,40933.0,Visitors,2020
249,5331 W. Devon Ave.,Chicago,60646,7485.0,6533.0,4488.0,0.0,0.0,3775.0,5091.0,4750.0,4749.0,4559.0,2329.0,3798.0,47557.0,Visitors,2020
250,6151 S. Normal Blvd.,Chicago,60621,5448.0,5301.0,3274.0,0.0,0.0,360.0,610.0,857.0,736.0,814.0,664.0,582.0,18646.0,Visitors,2020
251,6000 N. Broadway St.,Chicago,60660,15208.0,13339.0,16636.0,0.0,0.0,5031.0,7816.0,7342.0,5542.0,8189.0,5950.0,6397.0,91450.0,Visitors,2020
252,310 W. Division St.,Chicago,60610,10765.0,9489.0,6197.0,0.0,0.0,4539.0,6207.0,6005.0,6181.0,6109.0,4796.0,4860.0,65148.0,Visitors,2020
253,642 W. 43rd St.,Chicago,60609,2493.0,2555.0,1355.0,0.0,0.0,0.0,0.0,0.0,0.0,0.0,0.0,0.0,6403.0,Visitors,2020
254,3400 S. Halsted St.,Chicago,60608,4565.0,4210.0,2989.0,0.0,0.0,1503.0,1887.0,2104.0,2298.0,2744.0,2211.0,1559.0,26070.0,Visitors,2020
255,6 S. Hoyne Ave.,Chicago,60612,7161.0,6683.0,0.0,0.0,0.0,0.0,0.0,0.0,0.0,0.0,0.0,0.0,13844.0,Visitors,2020
256,5108 W. Belmont Ave.,Chicago,60641,5365.0,5073.0,6851.0,0.0,0.0,1662.0,2497.0,3058.0,3013.0,3049.0,2182.0,2357.0,35107.0,Visitors,2020
257,9525 S. Halsted St.,Chicago,60628,16492.0,16461.0,14015.0,0.0,0.0,2238.0,4817.0,5088.0,5260.0,5900.0,4322.0,3773.0,78366.0,Visitors,2020
258,1000 E. 73rd St.,Chicago,60619,4210.0,3399.0,2046.0,0.0,0.0,673.0,1085.0,1150.0,1280.0,1521.0,1128.0,1043.0,17535.0,Visitors,2020
259,4101 W. 79th St.,Chicago,60652,3190.0,3210.0,2501.0,0.0,0.0,1742.0,2531.0,2536.0,2210.0,2710.0,1835.0,1935.0,24400.0,Visitors,2020
260,13281 S. Corliss Ave.,Chicago,60827,2730.0,1809.0,1127.0,0.0,0.0,0.0,0.0,0.0,0.0,0.0,0.0,0.0,5666.0,Visitors,2020
261,122 N. Aberdeen St.,Chicago,60607,7440.0,6686.0,3575.0,0.0,0.0,2387.0,3372.0,3462.0,2902.0,3051.0,2424.0,2568.0,37867.0,Visitors,2020
262,2111 W. 47th St.,Chicago,60609,3226.0,3246.0,1848.0,0.0,0.0,1643.0,1652.0,1810.0,1820.0,1870.0,1503.0,1398.0,20016.0,Visitors,2020
263,6907 N. Clark St.,Chicago,60626,11997.0,11407.0,6878.0,0.0,0.0,4655.0,7428.0,7724.0,9067.0,8118.0,3129.0,5314.0,75717.0,Visitors,2020
264,6348 S. Archer Ave.,Chicago,60638,5282.0,4928.0,3215.0,0.0,0.0,2448.0,2899.0,2941.0,2865.0,2957.0,2413.0,2337.0,32285.0,Visitors,2020
265,3436 S. King Dr.,Chicago,60616,2904.0,3518.0,1960.0,0.0,0.0,65.0,1260.0,1438.0,1588.0,1585.0,1290.0,1294.0,16902.0,Visitors,2020
266,3104 N. Narragansett Ave.,Chicago,60634,3816.0,4175.0,7177.0,0.0,0.0,1076.0,2310.0,2471.0,2451.0,3088.0,2186.0,1979.0,30729.0,Visitors,2020
267,733 N. Kedzie Ave.,Chicago,60612,10899.0,11767.0,7358.0,0.0,0.0,5363.0,5653.0,5363.0,6430.0,7365.0,6105.0,6099.0,72402.0,Visitors,2020
268,1605 N. Troy St.,Chicago,60647,4846.0,4760.0,6954.0,0.0,0.0,947.0,2441.0,3156.0,3432.0,4809.0,3148.0,2786.0,37279.0,Visitors,2020
269,4455 N. Lincoln Ave.,Chicago,60625,29483.0,27624.0,14313.0,0.0,0.0,9709.0,14281.0,14330.0,14172.0,15367.0,12640.0,13600.0,165519.0,Visitors,2020
270,4904 S. Lake Park Ave.,Chicago,60615,7216.0,6828.0,3628.0,0.0,0.0,309.0,0.0,0.0,0.0,0.0,140.0,1954.0,20075.0,Visitors,2020
271,5724 W. North Ave.,Chicago,60639,3864.0,3893.0,1597.0,0.0,0.0,594.0,1260.0,1528.0,1448.0,1403.0,1192.0,1128.0,17907.0,Visitors,2020
272,415 East 79th St.,Chicago,60619,8004.0,7119.0,10619.0,0.0,0.0,1010.0,1639.0,2376.0,2541.0,1505.0,1988.0,1330.0,38131.0,Visitors,2020
273,5630 N. Lincoln Ave.,Chicago,60659,10069.0,9802.0,8101.0,0.0,0.0,3299.0,5719.0,6141.0,5455.0,5560.0,5100.0,5095.0,64341.0,Visitors,2020
274,1150 W. Fullerton Ave.,Chicago,60614,11563.0,11031.0,13002.0,0.0,0.0,4139.0,5547.0,5466.0,4993.0,6030.0,4960.0,5009.0,71740.0,Visitors,2020
275,4020 W. 63rd St.,Chicago,60629,4880.0,4682.0,3255.0,0.0,0.0,538.0,891.0,1288.0,1391.0,1548.0,1055.0,1041.0,20569.0,Visitors,2020
276,5055 S. Archer Ave.,Chicago,60632,6620.0,5803.0,4045.0,0.0,0.0,2697.0,3767.0,3754.0,3737.0,3999.0,3198.0,3229.0,40849.0,Visitors,2020
277,3048 E. 130th St.,Chicago,60633,3017.0,2785.0,2064.0,0.0,0.0,1378.0,1832.0,1857.0,1698.0,1998.0,961.0,1332.0,18922.0,Visitors,2020
278,4024 N. Elston Ave.,Chicago,60618,5491.0,5189.0,2275.0,0.0,0.0,1965.0,2776.0,2622.0,2865.0,2998.0,2025.0,1716.0,29922.0,Visitors,2020
279,1805 S. Loomis St.,Chicago,60608,10498.0,9411.0,6806.0,0.0,0.0,1945.0,3316.0,3001.0,3204.0,4051.0,3390.0,2148.0,47770.0,Visitors,2020
280,2505 E. 73rd St.,Chicago,60649,0.0,0.0,0.0,0.0,0.0,0.0,389.0,1086.0,1097.0,1262.0,894.0,387.0,5115.0,Visitors,2020
281,2100 S. Wentworth Ave.,Chicago,60616,19325.0,14701.0,10222.0,0.0,0.0,1884.0,3375.0,4147.0,4159.0,4854.0,3129.0,3176.0,68972.0,Visitors,2020
282,3353 W. 13th St.,Chicago,60623,0.0,0.0,0.0,0.0,0.0,388.0,1230.0,756.0,568.0,919.0,663.0,512.0,5036.0,Visitors,2020
283,3030 W. Fullerton Ave.,Chicago,60647,12501.0,11545.0,6711.0,0.0,0.0,4243.0,6795.0,8731.0,7027.0,0.0,4890.0,6146.0,68589.0,Visitors,2020
284,6083 N. Northwest Hwy.,Chicago,60631,736.0,3742.0,5078.0,0.0,0.0,2337.0,3306.0,1621.0,2654.0,3238.0,2448.0,2791.0,27951.0,Visitors,2020
285,6871 W. Belden Ave.,Chicago,60707,1591.0,1375.0,634.0,0.0,0.0,0.0,0.0,0.0,0.0,0.0,0.0,0.0,3600.0,Visitors,2020
286,4856 W. Chicago Ave.,Chicago,60651,7252.0,5970.0,3967.0,0.0,0.0,542.0,832.0,873.0,851.0,835.0,620.0,595.0,22337.0,Visitors,2020
287,1701 N. Milwaukee Ave.,Chicago,60647,10699.0,9981.0,5663.0,0.0,0.0,2034.0,3654.0,4991.0,4948.0,5154.0,4552.0,4813.0,56489.0,Visitors,2020
288,4300 W. North Ave.,Chicago,60639,3209.0,2994.0,2029.0,0.0,0.0,444.0,1013.0,2274.0,2178.0,2259.0,1795.0,1567.0,19762.0,Visitors,2020
289,1915 W. 35th St.,Chicago,60609,6531.0,5301.0,3513.0,0.0,0.0,3604.0,4401.0,4118.0,4015.0,3820.0,2851.0,610.0,38764.0,Visitors,2020
290,1625 W. Chicago Ave.,Chicago,60622,9179.0,8264.0,5392.0,0.0,0.0,3076.0,3349.0,1767.0,5587.0,6650.0,4183.0,3107.0,50554.0,Visitors,2020
291,1962 W. 95th St.,Chicago,60643,2881.0,2843.0,1537.0,0.0,0.0,1119.0,1360.0,2003.0,1442.0,1753.0,1348.0,1136.0,17422.0,Visitors,2020
292,115 S. Pulaski Rd.,Chicago,60624,0.0,0.0,0.0,0.0,0.0,0.0,0.0,0.0,0.0,0.0,0.0,108.0,108.0,Visitors,2020
293,2708 S. Pulaski Rd.,Chicago,60623,4196.0,4295.0,3589.0,0.0,0.0,1121.0,2017.0,1956.0,1780.0,2010.0,1526.0,1267.0,23757.0,Visitors,2020
294,5615 W. Race Ave.,Chicago,60644,9335.0,9562.0,5390.0,0.0,0.0,1838.0,3614.0,4584.0,4122.0,3932.0,3152.0,2923.0,48452.0,Visitors,2020
295,5363 W. Lawrence Ave.,Chicago,60630,5270.0,4718.0,2997.0,0.0,0.0,2835.0,3551.0,2569.0,2661.0,3458.0,2832.0,2452.0,33343.0,Visitors,2020
296,4400 W. Lawrence Ave.,Chicago,60630,3412.0,2898.0,2123.0,0.0,0.0,696.0,1393.0,1833.0,1751.0,1971.0,1530.0,1348.0,18955.0,Visitors,2020
297,9055 S. Houston Ave.,Chicago,60617,6489.0,6023.0,3457.0,0.0,0.0,2055.0,2827.0,3213.0,3161.0,3210.0,2064.0,0.0,32499.0,Visitors,2020
298,6423 W. 63rd Pl.,Chicago,60638,4334.0,4137.0,3327.0,0.0,0.0,3125.0,3251.0,3085.0,2800.0,2300.0,2035.0,1894.0,30288.0,Visitors,2020
299,644 W. Belmont Ave.,Chicago,60657,0.0,0.0,0.0,0.0,0.0,0.0,0.0,0.0,0.0,0.0,0.0,0.0,0.0,Visitors,2020
300,929 W. Buena Ave.,Chicago,60613,10289.0,10115.0,6286.0,0.0,0.0,3292.0,4855.0,4682.0,4650.0,5061.0,3941.0,4365.0,57536.0,Visitors,2020
301,6120 S. Kedzie Ave.,Chicago,60629,2301.0,5013.0,3568.0,0.0,0.0,1905.0,3726.0,3706.0,2917.0,3224.0,2730.0,2529.0,31619.0,Visitors,2020
302,400 S. State St.,Chicago,60605,104255.0,102202.0,75066.0,0.0,0.0,23673.0,36325.0,35144.0,44570.0,51962.0,40119.0,41058.0,554374.0,Visitors,2020
303,4314 S. Archer Ave.,Chicago,60632,3894.0,3562.0,2639.0,0.0,0.0,561.0,1346.0,1323.0,1174.0,1638.0,1194.0,1139.0,18470.0,Visitors,2020
304,1745 W. 63rd St.,Chicago,60636,5207.0,4909.0,3212.0,0.0,0.0,1557.0,2192.0,2483.0,2437.0,2533.0,1836.0,1810.0,28176.0,Visitors,2020
305,2311 S. Kedzie Ave.,Chicago,60623,5288.0,4917.0,3508.0,0.0,0.0,614.0,1443.0,1652.0,1762.0,1893.0,1430.0,1332.0,23839.0,Visitors,2020
306,1659 W. Melrose St.,Chicago,60657,12707.0,11844.0,6818.0,0.0,0.0,4330.0,5711.0,4372.0,3794.0,2242.0,3484.0,2436.0,57738.0,Visitors,2020
307,2807 W. 55th St.,Chicago,60632,2058.0,1942.0,1311.0,0.0,0.0,0.0,0.0,0.0,0.0,0.0,0.0,0.0,5311.0,Visitors,2020
308,6800 N. Western Ave.,Chicago,60645,0.0,13474.0,7864.0,0.0,0.0,5612.0,9002.0,9342.0,9046.0,7657.0,5881.0,6184.0,74062.0,Visitors,2020
309,7455 W. Cornelia Ave.,Chicago,60634,7328.0,7572.0,4237.0,0.0,0.0,3678.0,4873.0,6846.0,6185.0,5341.0,4086.0,4224.0,54370.0,Visitors,2020
310,1226 W. Ainslie St.,Chicago,60640,9959.0,9130.0,6567.0,0.0,0.0,2147.0,2596.0,2802.0,2700.0,2787.0,2265.0,413.0,41366.0,Visitors,2020
311,830 W. 119th St.,Chicago,60643,8338.0,7884.0,7611.0,0.0,0.0,649.0,1267.0,1529.0,1673.0,1966.0,1184.0,1160.0,33261.0,Visitors,2020
312,11001 S. Indiana Ave.,Chicago,60628,3775.0,3410.0,2215.0,0.0,0.0,725.0,2492.0,1654.0,0.0,0.0,1149.0,1729.0,17149.0,Visitors,2020
313,2401 E. 100th St.,Chicago,60617,3563.0,3191.0,2427.0,0.0,0.0,2145.0,2561.0,2678.0,3099.0,2876.0,1811.0,1697.0,26048.0,Visitors,2020
314,4801 S. Michigan Ave.,Chicago,60615,4885.0,4729.0,6570.0,0.0,0.0,2322.0,2951.0,2806.0,2718.0,2974.0,406.0,0.0,30361.0,Visitors,2020
315,11010 S. Kedzie Ave.,Chicago,60655,3582.0,2222.0,1233.0,0.0,0.0,1267.0,1468.0,1437.0,1387.0,1709.0,1448.0,1455.0,17208.0,Visitors,2020
316,731 E. 63rd St.,Chicago,60637,6541.0,6593.0,4032.0,0.0,0.0,2399.0,3196.0,3624.0,3334.0,3692.0,3370.0,3356.0,40137.0,Visitors,2020
317,6100 W. Irving Park Rd.,Chicago,60634,7867.0,7380.0,4222.0,0.0,0.0,1972.0,2810.0,2823.0,5558.0,6360.0,2820.0,2737.0,44549.0,Visitors,2020
318,8530 S. Kedzie Ave.,Chicago,60652,3849.0,3526.0,2341.0,0.0,0.0,1371.0,1881.0,2190.0,1830.0,1750.0,1245.0,1355.0,21338.0,Visitors,2020
319,7506 S. Racine Ave.,Chicago,60620,6199.0,7924.0,4089.0,0.0,0.0,1579.0,2345.0,3327.0,3186.0,3231.0,2072.0,2055.0,36007.0,Visitors,2020
320,3647 S. State St.,Chicago,60609,1905.0,2577.0,1414.0,0.0,0.0,527.0,479.0,540.0,590.0,612.0,506.0,523.0,9673.0,Visitors,2020
321,3710 E. 106th St.,Chicago,60617,1319.0,4556.0,3103.0,0.0,0.0,2814.0,2295.0,2861.0,1889.0,1849.0,1912.0,2053.0,24651.0,Visitors,2020
322,5440 S. Racine Ave.,Chicago,60609,2698.0,2403.0,1780.0,0.0,0.0,1290.0,2118.0,2380.0,1611.0,755.0,1560.0,1612.0,18207.0,Visitors,2020
323,11071 S. Hoyne Ave.,Chicago,60643,800.0,705.0,850.0,803.0,815.0,953.0,1098.0,914.0,880.0,1060.0,891.0,772.0,10541.0,Circulation,2021
324,3401 W. Foster Ave.,Chicago,60625,4274.0,3486.0,5170.0,4864.0,4561.0,5711.0,5983.0,5675.0,5603.0,5699.0,5370.0,5238.0,61634.0,Circulation,2021
325,8148 S. Stony Island Ave.,Chicago,60617,1342.0,1099.0,1241.0,1264.0,1368.0,1378.0,1242.0,1432.0,1589.0,1476.0,1355.0,1217.0,16003.0,Circulation,2021
326,1350 W. 89th St.,Chicago,60620,311.0,349.0,501.0,60.0,85.0,278.0,197.0,280.0,277.0,337.0,314.0,332.0,3321.0,Circulation,2021
327,7454 W. Balmoral Ave.,Chicago,60656,4375.0,3797.0,4725.0,4339.0,4386.0,5128.0,5511.0,4719.0,4630.0,5156.0,4850.0,3057.0,54673.0,Circulation,2021
328,1336 W. Taylor St.,Chicago,60607,3978.0,3273.0,4237.0,3465.0,3835.0,4460.0,4906.0,4461.0,3842.0,3865.0,3896.0,3575.0,47793.0,Circulation,2021
329,5331 W. Devon Ave.,Chicago,60646,6378.0,5498.0,6690.0,6451.0,5971.0,6744.0,7849.0,7082.0,6354.0,6003.0,6511.0,5137.0,76668.0,Circulation,2021
330,6151 S. Normal Blvd.,Chicago,60621,323.0,268.0,303.0,270.0,274.0,332.0,355.0,533.0,399.0,439.0,470.0,368.0,4334.0,Circulation,2021
331,6000 N. Broadway St.,Chicago,60660,11193.0,10185.0,11125.0,10500.0,10898.0,11595.0,11650.0,10854.0,10376.0,10137.0,9685.0,9539.0,127737.0,Circulation,2021
332,310 W. Division St.,Chicago,60610,7399.0,6872.0,7910.0,7329.0,8085.0,8318.0,8412.0,7284.0,6777.0,6853.0,6639.0,498.0,82376.0,Circulation,2021
333,642 W. 43rd St.,Chicago,60609,0.0,0.0,0.0,0.0,0.0,0.0,131.0,869.0,1042.0,969.0,941.0,935.0,4887.0,Circulation,2021
334,3400 S. Halsted St.,Chicago,60608,4034.0,3152.0,3647.0,3708.0,3555.0,3532.0,3910.0,864.0,0.0,0.0,0.0,0.0,26402.0,Circulation,2021
335,6 S. Hoyne Ave.,Chicago,60612,0.0,0.0,0.0,0.0,0.0,0.0,0.0,7.0,171.0,547.0,620.0,530.0,1875.0,Circulation,2021
336,5108 W. Belmont Ave.,Chicago,60641,3040.0,2903.0,3681.0,3430.0,3641.0,3450.0,3855.0,3481.0,3766.0,3612.0,3238.0,353.0,38450.0,Circulation,2021
337,415 East 79th St.,Chicago,60619,601.0,441.0,585.0,611.0,783.0,813.0,668.0,843.0,936.0,744.0,572.0,545.0,8142.0,Circulation,2021
338,1000 E. 73rd St.,Chicago,60619,336.0,376.0,428.0,398.0,460.0,462.0,307.0,0.0,377.0,627.0,596.0,498.0,4865.0,Circulation,2021
339,4101 W. 79th St.,Chicago,60652,984.0,896.0,1185.0,1091.0,975.0,1028.0,1348.0,1222.0,1274.0,1474.0,1419.0,197.0,13093.0,Circulation,2021
340,955 E. 131st St.,Chicago,60827,127.0,81.0,156.0,173.0,146.0,153.0,206.0,248.0,171.0,146.0,173.0,154.0,1934.0,Circulation,2021
341,4020 W. 63rd St.,Chicago,60629,1174.0,1010.0,1538.0,1243.0,1428.0,629.0,13.0,0.0,0.0,0.0,0.0,0.0,7035.0,Circulation,2021
342,2111 W. 47th St.,Chicago,60609,856.0,647.0,1070.0,1006.0,943.0,1090.0,1241.0,1179.0,1073.0,1363.0,1032.0,916.0,12416.0,Circulation,2021
343,6907 N. Clark St.,Chicago,60626,4582.0,6311.0,6404.0,6489.0,5983.0,6257.0,7070.0,6453.0,6383.0,6528.0,6449.0,1285.0,70194.0,Circulation,2021
344,6348 S. Archer Ave.,Chicago,60638,2437.0,2449.0,3093.0,2500.0,2628.0,3348.0,3691.0,2723.0,2893.0,3099.0,2593.0,2273.0,33727.0,Circulation,2021
345,3436 S. King Dr.,Chicago,60616,845.0,804.0,930.0,900.0,976.0,1201.0,1344.0,1029.0,1217.0,1110.0,1189.0,1159.0,12704.0,Circulation,2021
346,163 E. Pearson Street,Chicago,60611,0.0,0.0,0.0,0.0,0.0,0.0,123.0,1561.0,1825.0,2166.0,2239.0,2286.0,10200.0,Circulation,2021
347,733 N. Kedzie Ave.,Chicago,60612,1541.0,1477.0,1455.0,1499.0,1246.0,1309.0,1321.0,1335.0,1221.0,1432.0,1458.0,989.0,16283.0,Circulation,2021
348,1605 N. Troy St.,Chicago,60647,3107.0,2961.0,3211.0,2867.0,3014.0,3000.0,3394.0,2893.0,3263.0,3164.0,2962.0,2813.0,36649.0,Circulation,2021
349,4455 N. Lincoln Ave.,Chicago,60625,22742.0,20954.0,24275.0,23702.0,23039.0,25051.0,24576.0,24156.0,23213.0,23756.0,24048.0,651.0,260163.0,Circulation,2021
350,4904 S. Lake Park Ave.,Chicago,60615,6012.0,5296.0,6948.0,6582.0,6980.0,7013.0,7787.0,7423.0,6576.0,6929.0,6932.0,6279.0,80757.0,Circulation,2021
351,5724 W. North Ave.,Chicago,60639,610.0,472.0,549.0,523.0,547.0,497.0,644.0,647.0,564.0,638.0,395.0,855.0,6941.0,Circulation,2021
352,1625 W. Chicago Ave.,Chicago,60622,3631.0,3003.0,3596.0,3508.0,3787.0,3361.0,3725.0,4217.0,4401.0,4087.0,4280.0,3868.0,45464.0,Circulation,2021
353,5630 N. Lincoln Ave.,Chicago,60659,5277.0,4665.0,5837.0,5800.0,5365.0,6208.0,6639.0,6571.0,5725.0,5829.0,6116.0,5854.0,69886.0,Circulation,2021
354,1150 W. Fullerton Ave.,Chicago,60614,8658.0,7667.0,9869.0,9269.0,9727.0,10208.0,10190.0,10048.0,9936.0,9856.0,10238.0,8933.0,114599.0,Circulation,2021
355,1745 W. 63rd St.,Chicago,60636,355.0,309.0,238.0,318.0,231.0,332.0,310.0,310.0,345.0,504.0,390.0,254.0,3896.0,Circulation,2021
356,5055 S. Archer Ave.,Chicago,60632,1852.0,1587.0,1858.0,1791.0,1842.0,2328.0,2847.0,2538.0,2395.0,2579.0,2574.0,2129.0,26320.0,Circulation,2021
357,3048 E. 130th St.,Chicago,60633,823.0,775.0,1004.0,960.0,948.0,1118.0,1117.0,1049.0,1080.0,1055.0,885.0,701.0,11515.0,Circulation,2021
358,4024 N. Elston Ave.,Chicago,60618,5069.0,4572.0,5989.0,5474.0,5372.0,6068.0,6791.0,6559.0,5961.0,6320.0,6091.0,5281.0,69547.0,Circulation,2021
359,1805 S. Loomis St.,Chicago,60608,1823.0,1760.0,2210.0,1829.0,2177.0,2305.0,2255.0,2355.0,2314.0,2112.0,2109.0,1859.0,25108.0,Circulation,2021
360,2505 E. 73rd St.,Chicago,60649,687.0,694.0,893.0,902.0,929.0,1153.0,1292.0,1038.0,975.0,941.0,975.0,21671.0,32150.0,Circulation,2021
361,2100 S. Wentworth Ave.,Chicago,60616,3460.0,2654.0,4009.0,3597.0,4333.0,4730.0,5682.0,5269.0,5466.0,5500.0,5240.0,4414.0,54354.0,Circulation,2021
362,3353 W. 13th St.,Chicago,60623,366.0,273.0,347.0,318.0,393.0,475.0,389.0,410.0,543.0,517.0,358.0,463.0,4852.0,Circulation,2021
363,3030 W. Fullerton Ave.,Chicago,60647,7374.0,7246.0,8600.0,8373.0,8623.0,9533.0,9856.0,9227.0,9132.0,9220.0,9424.0,8686.0,105294.0,Circulation,2021
364,6083 N. Northwest Hwy.,Chicago,60631,3850.0,3744.0,4532.0,3523.0,4199.0,4403.0,4971.0,4548.0,3874.0,4435.0,4010.0,6002.0,52091.0,Circulation,2021
365,6871 W. Belden Ave.,Chicago,60707,0.0,0.0,0.0,0.0,0.0,0.0,0.0,0.0,0.0,0.0,0.0,0.0,0.0,Circulation,2021
366,6871 W. Belden Ave.,Chicago,60707,0.0,0.0,0.0,0.0,0.0,0.0,0.0,0.0,0.0,0.0,0.0,0.0,0.0,Visitors,2021
367,3104 N. Narragansett Ave.,Chicago,60634,2877.0,2234.0,3398.0,2727.0,2518.0,3090.0,3322.0,3186.0,3356.0,3192.0,3037.0,2618.0,35555.0,Circulation,2021
368,1701 N. Milwaukee Ave.,Chicago,60647,7291.0,6310.0,7795.0,7504.0,7660.0,8099.0,8006.0,7335.0,7450.0,7997.0,7550.0,6710.0,89707.0,Circulation,2021
369,4300 W. North Ave.,Chicago,60639,876.0,614.0,783.0,720.0,1020.0,974.0,1002.0,1017.0,1025.0,1213.0,1112.0,8037.0,18393.0,Circulation,2021
370,1915 W. 35th St.,Chicago,60609,127.0,1592.0,2512.0,2222.0,2405.0,2677.0,3123.0,3733.0,4041.0,3706.0,3705.0,7565.0,37408.0,Circulation,2021
371,830 W. 119th St.,Chicago,60643,562.0,344.0,591.0,539.0,581.0,493.0,735.0,682.0,637.0,835.0,668.0,694.0,7361.0,Circulation,2021
372,1962 W. 95th St.,Chicago,60643,2827.0,2245.0,2868.0,2782.0,2869.0,3118.0,3637.0,3196.0,3080.0,3177.0,3395.0,2655.0,35849.0,Circulation,2021
373,115 S. Pulaski Rd.,Chicago,60624,344.0,234.0,421.0,420.0,488.0,466.0,479.0,566.0,435.0,458.0,454.0,461.0,5226.0,Circulation,2021
374,2708 S. Pulaski Rd.,Chicago,60623,1746.0,1562.0,2159.0,1766.0,1677.0,1895.0,2070.0,1829.0,2640.0,2503.0,2187.0,1636.0,23670.0,Circulation,2021
375,5615 W. Race Ave.,Chicago,60644,680.0,626.0,667.0,549.0,565.0,682.0,581.0,512.0,625.0,611.0,563.0,447.0,7108.0,Circulation,2021
376,8530 S. Kedzie Ave.,Chicago,60652,597.0,0.0,447.0,486.0,606.0,791.0,679.0,746.0,740.0,755.0,833.0,607.0,7287.0,Circulation,2021
377,5363 W. Lawrence Ave.,Chicago,60630,3868.0,3332.0,4559.0,4174.0,4175.0,4866.0,5573.0,5385.0,4925.0,5395.0,5085.0,4116.0,55453.0,Circulation,2021
378,4400 W. Lawrence Ave.,Chicago,60630,2396.0,1917.0,2867.0,2457.0,2364.0,2265.0,2615.0,2504.0,2627.0,2498.0,2602.0,3076.0,30188.0,Circulation,2021
379,9055 S. Houston Ave.,Chicago,60617,154.0,291.0,628.0,605.0,564.0,721.0,875.0,963.0,861.0,656.0,640.0,927.0,7885.0,Circulation,2021
380,6423 W. 63rd Pl.,Chicago,60638,1667.0,1262.0,1465.0,1517.0,1579.0,2025.0,2072.0,1754.0,1714.0,1696.0,1830.0,1603.0,20184.0,Circulation,2021
381,644 W. Belmont Ave.,Chicago,60657,7473.0,7031.0,7944.0,8022.0,8035.0,8101.0,8093.0,8334.0,8640.0,8994.0,7904.0,2862.0,91433.0,Circulation,2021
382,929 W. Buena Ave.,Chicago,60613,6972.0,5496.0,5671.0,5047.0,5163.0,5812.0,6126.0,5643.0,5797.0,5623.0,5343.0,4768.0,67461.0,Circulation,2021
383,6120 S. Kedzie Ave.,Chicago,60629,1111.0,902.0,1264.0,1184.0,1452.0,1661.0,2000.0,1634.0,1509.0,1895.0,1563.0,1380.0,17555.0,Circulation,2021
384,400 S. State Street,Chicago,60605,20965.0,18837.0,21898.0,21220.0,22635.0,25011.0,24932.0,24348.0,24256.0,23970.0,22693.0,21046.0,271811.0,Circulation,2021
385,4314 S. Archer Ave.,Chicago,60632,1491.0,1090.0,1704.0,1471.0,1525.0,1643.0,1914.0,1551.0,200.0,26.0,1170.0,1172.0,14957.0,Circulation,2021
386,4856 W. Chicago Ave.,Chicago,60651,155.0,173.0,135.0,111.0,161.0,201.0,225.0,270.0,337.0,346.0,310.0,260.0,2684.0,Circulation,2021
387,2311 S. Kedzie Ave.,Chicago,60623,1041.0,924.0,1280.0,1157.0,1223.0,1395.0,1829.0,1318.0,1478.0,1443.0,1541.0,1138.0,15767.0,Circulation,2021
388,1659 W. Melrose St.,Chicago,60657,9936.0,8912.0,11336.0,10740.0,10787.0,12202.0,11856.0,11427.0,10767.0,10886.0,10992.0,9308.0,129149.0,Circulation,2021
389,2807 W. 55th St.,Chicago,60632,0.0,0.0,0.0,0.0,0.0,0.0,18.0,545.0,423.0,669.0,608.0,510.0,2773.0,Circulation,2021
390,6800 N. Western Ave.,Chicago,60645,9320.0,8239.0,9846.0,8881.0,9253.0,10035.0,10412.0,9839.0,8712.0,9200.0,8452.0,4575.0,106764.0,Circulation,2021
391,7455 W. Cornelia Ave.,Chicago,60634,3229.0,2701.0,3431.0,3092.0,3034.0,3721.0,3820.0,3373.0,3073.0,3151.0,3008.0,2564.0,38197.0,Circulation,2021
392,1226 W. Ainslie St.,Chicago,60640,162.0,1265.0,5408.0,5055.0,5312.0,5845.0,6276.0,5696.0,5540.0,5640.0,5614.0,5260.0,57073.0,Circulation,2021
393,122 N. Aberdeen St.,Chicago,60607,3468.0,3130.0,3701.0,3830.0,3727.0,4043.0,4209.0,4126.0,3823.0,4057.0,3845.0,3547.0,45506.0,Circulation,2021
394,11001 S. Indiana Ave.,Chicago,60628,222.0,288.0,271.0,302.0,325.0,335.0,342.0,357.0,324.0,365.0,468.0,3480.0,7079.0,Circulation,2021
395,2401 E. 100th St.,Chicago,60617,267.0,178.0,284.0,260.0,41.0,102.0,272.0,326.0,348.0,303.0,464.0,360.0,3205.0,Circulation,2021
396,4801 S. Michigan Ave.,Chicago,60615,6.0,162.0,418.0,469.0,525.0,616.0,712.0,691.0,671.0,632.0,684.0,583.0,6169.0,Circulation,2021
397,11010 S. Kedzie Ave.,Chicago,60655,3330.0,2750.0,3261.0,3392.0,3230.0,3845.0,3746.0,3663.0,3176.0,2951.0,2862.0,5610.0,41816.0,Circulation,2021
398,731 E. 63rd St.,Chicago,60637,836.0,716.0,883.0,657.0,1013.0,766.0,1205.0,1110.0,1147.0,1024.0,988.0,812.0,11157.0,Circulation,2021
399,6100 W. Irving Park Rd.,Chicago,60634,4715.0,4232.0,5796.0,4717.0,5354.0,6140.0,6020.0,5749.0,5311.0,5480.0,4718.0,4702.0,62934.0,Circulation,2021
400,9525 S. Halsted St.,Chicago,60628,2020.0,1681.0,1909.0,2071.0,1939.0,1589.0,2162.0,2056.0,2173.0,2220.0,1872.0,1636.0,23328.0,Circulation,2021
401,7506 S. Racine Ave.,Chicago,60620,723.0,659.0,728.0,633.0,638.0,611.0,758.0,753.0,771.0,723.0,869.0,2120.0,9986.0,Circulation,2021
402,3647 S. State St.,Chicago,60609,595.0,582.0,506.0,610.0,594.0,704.0,634.0,726.0,777.0,865.0,777.0,521.0,7891.0,Circulation,2021
403,3710 E. 106th St.,Chicago,60617,1091.0,1109.0,1550.0,1497.0,1259.0,1681.0,2009.0,1603.0,1818.0,1882.0,1573.0,1554.0,18626.0,Circulation,2021
404,5440 S. Racine Ave.,Chicago,60609,158.0,199.0,204.0,140.0,174.0,199.0,273.0,253.0,189.0,173.0,159.0,738.0,2859.0,Circulation,2021
405,11071 S. Hoyne Ave.,Chicago,60643,325.0,457.0,704.0,707.0,516.0,900.0,990.0,977.0,975.0,1783.0,3088.0,633.0,12055.0,Visitors,2021
406,3401 W. Foster Ave.,Chicago,60625,3419.0,3366.0,4404.0,4299.0,4256.0,4958.0,5325.0,5877.0,6740.0,7259.0,6445.0,6492.0,62840.0,Visitors,2021
407,8148 S. Stony Island Ave.,Chicago,60617,2985.0,2513.0,4235.0,3864.0,4046.0,3479.0,4270.0,4583.0,4489.0,4840.0,4136.0,3413.0,46853.0,Visitors,2021
408,1350 W. 89th St.,Chicago,60620,617.0,815.0,1160.0,129.0,0.0,469.0,624.0,655.0,714.0,754.0,602.0,774.0,7313.0,Visitors,2021
409,7454 W. Balmoral Ave.,Chicago,60656,3528.0,2912.0,3868.0,3563.0,3688.0,4291.0,4375.0,4047.0,5658.0,4963.0,4734.0,4153.0,49780.0,Visitors,2021
410,1336 W. Taylor St.,Chicago,60607,2801.0,2488.0,811.0,2835.0,3314.0,3536.0,4215.0,4359.0,4920.0,6862.0,5647.0,6305.0,48093.0,Visitors,2021
411,5331 W. Devon Ave.,Chicago,60646,3693.0,3427.0,4527.0,4316.0,3982.0,4167.0,5480.0,5383.0,4771.0,4556.0,4563.0,4018.0,52883.0,Visitors,2021
412,6151 S. Normal Blvd.,Chicago,60621,497.0,428.0,635.0,587.0,639.0,646.0,876.0,929.0,852.0,854.0,736.0,1717.0,9396.0,Visitors,2021
413,6000 N. Broadway St.,Chicago,60660,7563.0,6508.0,7403.0,7607.0,3654.0,6060.0,10020.0,9843.0,9328.0,9424.0,8436.0,8461.0,94307.0,Visitors,2021
414,310 W. Division St.,Chicago,60610,4771.0,4786.0,6168.0,6179.0,6708.0,7670.0,6837.0,6536.0,6649.0,6686.0,6992.0,5750.0,75732.0,Visitors,2021
415,642 W. 43rd St.,Chicago,60609,0.0,0.0,0.0,0.0,0.0,0.0,396.0,808.0,1744.0,1778.0,1586.0,1599.0,7911.0,Visitors,2021
416,3400 S. Halsted St.,Chicago,60608,2480.0,2162.0,2959.0,3141.0,4858.0,3370.0,3473.0,653.0,0.0,0.0,0.0,0.0,23096.0,Visitors,2021
417,6 S. Hoyne Ave.,Chicago,60612,0.0,0.0,0.0,0.0,0.0,0.0,0.0,0.0,1239.0,2986.0,2780.0,2831.0,9836.0,Visitors,2021
418,5108 W. Belmont Ave.,Chicago,60641,2301.0,1971.0,2789.0,2645.0,2533.0,2724.0,3199.0,3326.0,3447.0,3523.0,3402.0,3116.0,34976.0,Visitors,2021
419,415 East 79th St.,Chicago,60619,1830.0,1515.0,1921.0,2215.0,2311.0,2436.0,1639.0,3665.0,3651.0,2854.0,3016.0,3113.0,30166.0,Visitors,2021
420,1000 E. 73rd St.,Chicago,60619,837.0,954.0,1097.0,1137.0,1137.0,1304.0,2303.0,0.0,930.0,1724.0,1237.0,950.0,13610.0,Visitors,2021
421,4101 W. 79th St.,Chicago,60652,1856.0,2117.0,1625.0,1598.0,3369.0,3596.0,4579.0,4124.0,3734.0,3768.0,3553.0,3513.0,37432.0,Visitors,2021
422,955 E. 131st St.,Chicago,60827,339.0,270.0,412.0,470.0,724.0,998.0,1437.0,1397.0,162.0,155.0,1744.0,2652.0,10760.0,Visitors,2021
423,4020 W. 63rd St.,Chicago,60629,1030.0,914.0,1363.0,1406.0,1307.0,699.0,0.0,0.0,0.0,0.0,0.0,0.0,6719.0,Visitors,2021
424,2111 W. 47th St.,Chicago,60609,1440.0,1482.0,2382.0,1491.0,1948.0,1970.0,2560.0,2873.0,2283.0,2957.0,1877.0,2122.0,25385.0,Visitors,2021
425,6907 N. Clark St.,Chicago,60626,4179.0,4718.0,6600.0,5291.0,6506.0,5446.0,7667.0,7419.0,7437.0,8301.0,5635.0,6496.0,75695.0,Visitors,2021
426,6348 S. Archer Ave.,Chicago,60638,2594.0,2330.0,3215.0,2816.0,2705.0,3375.0,3626.0,3139.0,3204.0,3526.0,3122.0,3419.0,37071.0,Visitors,2021
427,3436 S. King Dr.,Chicago,60616,1209.0,1101.0,1481.0,1474.0,1480.0,1498.0,1711.0,1492.0,1329.0,1403.0,1845.0,1362.0,17385.0,Visitors,2021
428,163 E. Pearson Street,Chicago,60611,0.0,0.0,0.0,0.0,0.0,0.0,0.0,0.0,1024.0,3207.0,3365.0,2998.0,10594.0,Visitors,2021
429,733 N. Kedzie Ave.,Chicago,60612,6556.0,6016.0,6788.0,5320.0,4750.0,5961.0,4218.0,5543.0,5565.0,4430.0,4142.0,4819.0,64108.0,Visitors,2021
430,1605 N. Troy St.,Chicago,60647,2527.0,1962.0,2634.0,2570.0,2839.0,2915.0,3305.0,3375.0,3079.0,2853.0,2918.0,3115.0,34092.0,Visitors,2021
431,4455 N. Lincoln Ave.,Chicago,60625,13873.0,12812.0,16196.0,14320.0,14497.0,13147.0,15148.0,16132.0,15602.0,16374.0,12616.0,14660.0,175377.0,Visitors,2021
432,4904 S. Lake Park Ave.,Chicago,60615,3491.0,2572.0,4279.0,4316.0,4527.0,4822.0,5970.0,6237.0,5925.0,6649.0,6316.0,5906.0,61010.0,Visitors,2021
433,5724 W. North Ave.,Chicago,60639,1072.0,868.0,1262.0,1249.0,1350.0,1969.0,1864.0,1710.0,1428.0,1445.0,1318.0,1282.0,16817.0,Visitors,2021
434,1625 W. Chicago Ave.,Chicago,60622,3402.0,2938.0,3580.0,3627.0,4617.0,4973.0,4058.0,2096.0,2969.0,6183.0,5076.0,4759.0,48278.0,Visitors,2021
435,5630 N. Lincoln Ave.,Chicago,60659,5058.0,4386.0,5771.0,5662.0,5382.0,6008.0,7148.0,7031.0,6210.0,6390.0,6078.0,5559.0,70683.0,Visitors,2021
436,1150 W. Fullerton Ave.,Chicago,60614,4915.0,4435.0,5858.0,5630.0,5764.0,7657.0,6967.0,7273.0,6874.0,7174.0,7287.0,6040.0,75874.0,Visitors,2021
437,1745 W. 63rd St.,Chicago,60636,2038.0,1657.0,2047.0,1947.0,2211.0,2225.0,2467.0,3104.0,2958.0,3021.0,2759.0,2471.0,28905.0,Visitors,2021
438,5055 S. Archer Ave.,Chicago,60632,2949.0,2857.0,3310.0,3325.0,2911.0,2244.0,2937.0,2993.0,2847.0,3095.0,2709.0,2488.0,34665.0,Visitors,2021
439,3048 E. 130th St.,Chicago,60633,1165.0,1081.0,1450.0,1507.0,1451.0,1523.0,1611.0,1428.0,1461.0,1568.0,1365.0,1362.0,16972.0,Visitors,2021
440,4024 N. Elston Ave.,Chicago,60618,2412.0,2172.0,2554.0,2486.0,2490.0,2429.0,3039.0,3665.0,2963.0,2996.0,3033.0,2792.0,33031.0,Visitors,2021
441,1805 S. Loomis St.,Chicago,60608,3634.0,4546.0,3215.0,3959.0,7947.0,7910.0,4440.0,4323.0,3918.0,3171.0,4508.0,4158.0,55729.0,Visitors,2021
442,2505 E. 73rd St.,Chicago,60649,1066.0,868.0,1155.0,1514.0,1620.0,1486.0,1388.0,1819.0,1784.0,1682.0,1539.0,1580.0,17501.0,Visitors,2021
443,2100 S. Wentworth Ave.,Chicago,60616,2963.0,2583.0,4102.0,6748.0,6209.0,7770.0,11264.0,11362.0,10363.0,11385.0,10353.0,8681.0,93783.0,Visitors,2021
444,3353 W. 13th St.,Chicago,60623,435.0,326.0,484.0,548.0,484.0,184.0,589.0,1165.0,1055.0,728.0,1152.0,895.0,8045.0,Visitors,2021
445,3030 W. Fullerton Ave.,Chicago,60647,7285.0,6269.0,7746.0,7003.0,6563.0,7634.0,8569.0,8214.0,7770.0,8685.0,8643.0,8307.0,92688.0,Visitors,2021
446,6083 N. Northwest Hwy.,Chicago,60631,2759.0,2471.0,2950.0,2866.0,3285.0,4137.0,3952.0,3791.0,3381.0,3520.0,3261.0,3393.0,39766.0,Visitors,2021
447,3104 N. Narragansett Ave.,Chicago,60634,1954.0,1675.0,2323.0,2153.0,2225.0,3387.0,2728.0,2856.0,2847.0,3106.0,2967.0,2472.0,30693.0,Visitors,2021
448,1701 N. Milwaukee Ave.,Chicago,60647,5015.0,4257.0,4969.0,5355.0,5364.0,4530.0,6287.0,5834.0,5961.0,6668.0,7070.0,5676.0,66986.0,Visitors,2021
449,4300 W. North Ave.,Chicago,60639,1669.0,1425.0,2190.0,1923.0,1980.0,2233.0,2466.0,2169.0,2284.0,2142.0,2088.0,2024.0,24593.0,Visitors,2021
450,1915 W. 35th St.,Chicago,60609,368.0,2793.0,3784.0,3621.0,3409.0,3679.0,4062.0,4369.0,4553.0,4392.0,4310.0,3795.0,43135.0,Visitors,2021
451,830 W. 119th St.,Chicago,60643,883.0,990.0,1872.0,1445.0,1490.0,1471.0,1645.0,1470.0,1203.0,1243.0,1098.0,1122.0,15932.0,Visitors,2021
452,1962 W. 95th St.,Chicago,60643,1709.0,1221.0,1741.0,2081.0,1761.0,1816.0,2350.0,2000.0,1994.0,2178.0,2368.0,2237.0,23456.0,Visitors,2021
453,115 S. Pulaski Rd.,Chicago,60624,477.0,359.0,424.0,629.0,650.0,1004.0,1326.0,1272.0,2427.0,2174.0,2179.0,2170.0,15091.0,Visitors,2021
454,2708 S. Pulaski Rd.,Chicago,60623,1371.0,1155.0,1856.0,1554.0,1522.0,1842.0,1925.0,1662.0,1818.0,1645.0,1538.0,1675.0,19563.0,Visitors,2021
455,5615 W. Race Ave.,Chicago,60644,2991.0,2412.0,3799.0,2957.0,2615.0,2946.0,2874.0,3083.0,2926.0,3171.0,3164.0,2383.0,35321.0,Visitors,2021
456,8530 S. Kedzie Ave.,Chicago,60652,1417.0,0.0,0.0,734.0,908.0,1223.0,1435.0,1299.0,1279.0,1440.0,1316.0,1223.0,12274.0,Visitors,2021
457,5363 W. Lawrence Ave.,Chicago,60630,2656.0,2338.0,3901.0,5630.0,4029.0,4227.0,4475.0,4328.0,3834.0,4061.0,4034.0,3429.0,46942.0,Visitors,2021
458,4400 W. Lawrence Ave.,Chicago,60630,1302.0,1061.0,1682.0,1566.0,1533.0,1520.0,2795.0,2261.0,2105.0,2100.0,2194.0,1675.0,21794.0,Visitors,2021
459,9055 S. Houston Ave.,Chicago,60617,768.0,1726.0,1866.0,2294.0,2737.0,2783.0,3409.0,3580.0,3375.0,2729.0,3142.0,2927.0,31336.0,Visitors,2021
460,6423 W. 63rd Pl.,Chicago,60638,440.0,380.0,1100.0,525.0,1535.0,0.0,455.0,1605.0,1515.0,1590.0,380.0,1152.0,10677.0,Visitors,2021
461,644 W. Belmont Ave.,Chicago,60657,4605.0,5611.0,6347.0,6577.0,7036.0,7657.0,7875.0,8351.0,8264.0,8694.0,7916.0,7274.0,86207.0,Visitors,2021
462,929 W. Buena Ave.,Chicago,60613,4948.0,3901.0,4675.0,5357.0,4901.0,5713.0,5877.0,6088.0,6197.0,6305.0,5801.0,5496.0,65259.0,Visitors,2021
463,6120 S. Kedzie Ave.,Chicago,60629,2444.0,2207.0,3018.0,2960.0,3233.0,3605.0,4959.0,5416.0,4056.0,3890.0,3524.0,3557.0,42869.0,Visitors,2021
464,400 S. State St.,Chicago,60605,39287.0,36109.0,43918.0,38621.0,24131.0,49671.0,52519.0,43215.0,52795.0,57025.0,54392.0,52268.0,543951.0,Visitors,2021
465,4314 S. Archer Ave.,Chicago,60632,1250.0,1004.0,1515.0,1418.0,1451.0,1481.0,2581.0,2499.0,320.0,0.0,1270.0,1427.0,16216.0,Visitors,2021
466,4856 W. Chicago Ave.,Chicago,60651,330.0,490.0,667.0,618.0,692.0,693.0,786.0,887.0,1102.0,991.0,881.0,817.0,8954.0,Visitors,2021
467,2311 S. Kedzie Ave.,Chicago,60623,967.0,1030.0,1158.0,1058.0,1317.0,1154.0,1713.0,1670.0,1596.0,1724.0,1721.0,1463.0,16571.0,Visitors,2021
468,1659 W. Melrose St.,Chicago,60657,2888.0,3225.0,5433.0,5369.0,6630.0,5374.0,9603.0,2192.0,6908.0,7098.0,6446.0,6001.0,67167.0,Visitors,2021
469,2807 W. 55th St.,Chicago,60632,0.0,0.0,0.0,0.0,0.0,0.0,0.0,406.0,740.0,1308.0,1243.0,1122.0,4819.0,Visitors,2021
470,6800 N. Western Ave.,Chicago,60645,5957.0,5228.0,7482.0,6957.0,7333.0,8733.0,8909.0,9035.0,7797.0,7640.0,7640.0,6818.0,89529.0,Visitors,2021
471,7455 W. Cornelia Ave.,Chicago,60634,4240.0,3646.0,4945.0,5441.0,4854.0,5150.0,7909.0,8380.0,8512.0,6217.0,6054.0,5705.0,71053.0,Visitors,2021
472,1226 W. Ainslie St.,Chicago,60640,0.0,0.0,1629.0,4587.0,3738.0,2300.0,3663.0,5547.0,5549.0,6515.0,5552.0,4581.0,43661.0,Visitors,2021
473,122 N. Aberdeen St.,Chicago,60607,2514.0,2322.0,2685.0,2823.0,2728.0,2675.0,3442.0,3423.0,3346.0,3629.0,3569.0,3237.0,36393.0,Visitors,2021
474,11001 S. Indiana Ave.,Chicago,60628,1558.0,1676.0,835.0,889.0,2124.0,2887.0,2906.0,2595.0,2456.0,2676.0,2329.0,2095.0,25026.0,Visitors,2021
475,2401 E. 100th St.,Chicago,60617,2002.0,1747.0,2367.0,2425.0,110.0,222.0,959.0,1192.0,991.0,941.0,882.0,789.0,14627.0,Visitors,2021
476,4801 S. Michigan Ave.,Chicago,60615,0.0,704.0,1629.0,1662.0,2029.0,2478.0,2627.0,2660.0,2278.0,2800.0,2333.0,2128.0,23328.0,Visitors,2021
477,11010 S. Kedzie Ave.,Chicago,60655,1400.0,1162.0,1583.0,1532.0,1479.0,1743.0,1913.0,1798.0,1569.0,1248.0,1558.0,1387.0,18372.0,Visitors,2021
478,731 E. 63rd St.,Chicago,60637,3059.0,2538.0,2316.0,3029.0,1382.0,2802.0,2913.0,3625.0,3568.0,3778.0,3444.0,3827.0,36281.0,Visitors,2021
479,6100 W. Irving Park Rd.,Chicago,60634,3101.0,3072.0,4830.0,3651.0,4121.0,4523.0,4536.0,4337.0,4483.0,4613.0,3488.0,3965.0,48720.0,Visitors,2021
480,9525 S. Halsted St.,Chicago,60628,3655.0,3446.0,5049.0,6815.0,3638.0,3144.0,5060.0,5636.0,5256.0,5312.0,4550.0,4426.0,55987.0,Visitors,2021
481,7506 S. Racine Ave.,Chicago,60620,2094.0,2043.0,2695.0,2698.0,2419.0,2557.0,2944.0,3165.0,2994.0,3092.0,2690.0,2773.0,32164.0,Visitors,2021
482,3647 S. State St.,Chicago,60609,496.0,488.0,595.0,653.0,866.0,974.0,898.0,1130.0,1076.0,1145.0,931.0,936.0,10188.0,Visitors,2021
483,3710 E. 106th St.,Chicago,60617,2007.0,2769.0,2370.0,2357.0,2184.0,2188.0,3058.0,3058.0,3141.0,3674.0,3405.0,3357.0,33568.0,Visitors,2021
484,5440 S. Racine Ave.,Chicago,60609,1420.0,1264.0,1699.0,1644.0,1404.0,1707.0,1809.0,1824.0,1669.0,1587.0,1489.0,1321.0,18837.0,Visitors,2021
485,,,60601,131.0,31.0,94.0,62.0,25.0,4.0,27.0,85.0,237.0,111.0,84.0,1222.0,,,2021
486,,,60602,16.0,10.0,3.0,6.0,1.0,1.0,4.0,12.0,3.0,6.0,16.0,97.0,,,2021
487,,,60603,14.0,3.0,6.0,5.0,4.0,0.0,1.0,7.0,2.0,6.0,6.0,85.0,,,2021
488,,,60604,8.0,3.0,9.0,10.0,1.0,2.0,0.0,9.0,3.0,7.0,4.0,101.0,,,2021
489,,,60605,204.0,87.0,134.0,108.0,27.0,10.0,54.0,172.0,90.0,93.0,155.0,1301.0,,,2021
490,,,60606,32.0,13.0,22.0,20.0,11.0,0.0,21.0,36.0,26.0,21.0,27.0,222.0,,,2021
491,,,60607,279.0,78.0,174.0,174.0,63.0,10.0,63.0,212.0,125.0,146.0,222.0,1482.0,,,2021
492,,,60608,744.0,186.0,249.0,332.0,157.0,31.0,88.0,434.0,230.0,221.0,420.0,2709.0,,,2021
493,,,60609,671.0,213.0,191.0,362.0,186.0,25.0,73.0,323.0,226.0,217.0,372.0,2121.0,,,2021
494,,,60610,397.0,164.0,328.0,239.0,90.0,26.0,85.0,336.0,184.0,186.0,295.0,1744.0,,,2021
495,,,60611,249.0,76.0,162.0,142.0,36.0,10.0,82.0,182.0,103.0,156.0,192.0,1400.0,,,2021
496,,,60612,323.0,102.0,166.0,279.0,158.0,31.0,87.0,230.0,146.0,168.0,283.0,1638.0,,,2021
497,,,60613,435.0,132.0,323.0,253.0,48.0,14.0,97.0,353.0,166.0,177.0,287.0,2272.0,,,2021
498,,,60614,654.0,260.0,622.0,373.0,82.0,25.0,156.0,490.0,317.0,340.0,548.0,2921.0,,,2021
499,,,60615,261.0,68.0,96.0,250.0,130.0,23.0,70.0,230.0,166.0,132.0,258.0,1563.0,,,2021
500,,,60616,444.0,122.0,184.0,235.0,104.0,13.0,80.0,261.0,142.0,164.0,213.0,1766.0,,,2021
501,,,60617,812.0,181.0,292.0,603.0,359.0,25.0,118.0,434.0,388.0,309.0,479.0,2802.0,,,2021
502,,,60618,907.0,276.0,415.0,487.0,185.0,42.0,176.0,564.0,365.0,333.0,639.0,3354.0,,,2021
503,,,60619,438.0,130.0,267.0,512.0,307.0,42.0,120.0,410.0,256.0,299.0,388.0,2484.0,,,2021
504,,,60620,556.0,155.0,231.0,541.0,318.0,37.0,125.0,402.0,304.0,257.0,470.0,2814.0,,,2021
505,,,60621,241.0,51.0,94.0,205.0,122.0,3.0,52.0,208.0,151.0,147.0,273.0,1159.0,,,2021
506,,,60622,588.0,183.0,376.0,296.0,87.0,20.0,120.0,408.0,231.0,292.0,463.0,2270.0,,,2021
507,,,60623,891.0,202.0,200.0,431.0,268.0,30.0,76.0,399.0,267.0,292.0,433.0,3052.0,,,2021
508,,,60624,258.0,116.0,151.0,268.0,180.0,13.0,56.0,196.0,174.0,191.0,253.0,1599.0,,,2021
509,,,60625,667.0,250.0,379.0,369.0,147.0,51.0,187.0,599.0,382.0,375.0,500.0,2854.0,,,2021
510,,,60626,484.0,131.0,227.0,236.0,85.0,20.0,66.0,226.0,196.0,163.0,246.0,1543.0,,,2021
511,,,60628,455.0,150.0,254.0,518.0,345.0,64.0,129.0,441.0,323.0,295.0,517.0,2929.0,,,2021
512,,,60629,1530.0,366.0,443.0,605.0,365.0,40.0,163.0,586.0,404.0,365.0,653.0,3738.0,,,2021
513,,,60630,689.0,221.0,314.0,417.0,127.0,34.0,87.0,366.0,244.0,226.0,387.0,2002.0,,,2021
514,,,60631,404.0,116.0,217.0,200.0,78.0,9.0,35.0,220.0,144.0,183.0,388.0,1162.0,,,2021
515,,,60632,1147.0,240.0,353.0,445.0,210.0,26.0,68.0,366.0,240.0,253.0,504.0,2457.0,,,2021
516,,,60633,115.0,35.0,23.0,69.0,44.0,12.0,9.0,52.0,47.0,70.0,92.0,464.0,,,2021
517,,,60634,1102.0,401.0,457.0,531.0,235.0,38.0,114.0,582.0,367.0,468.0,733.0,2902.0,,,2021
518,,,60636,272.0,70.0,128.0,281.0,217.0,21.0,42.0,222.0,162.0,158.0,262.0,1316.0,,,2021
519,,,60637,358.0,97.0,171.0,434.0,218.0,37.0,110.0,335.0,198.0,228.0,315.0,1918.0,,,2021
520,,,60638,744.0,175.0,251.0,355.0,178.0,26.0,83.0,387.0,235.0,267.0,527.0,2139.0,,,2021
521,,,60639,1351.0,298.0,396.0,607.0,263.0,45.0,110.0,544.0,343.0,378.0,663.0,3437.0,,,2021
522,,,60640,556.0,181.0,318.0,295.0,147.0,37.0,120.0,400.0,181.0,235.0,341.0,2313.0,,,2021
523,,,60641,918.0,349.0,307.0,439.0,209.0,37.0,132.0,411.0,325.0,359.0,472.0,2482.0,,,2021
524,,,60642,243.0,71.0,178.0,126.0,35.0,8.0,51.0,142.0,111.0,86.0,172.0,876.0,,,2021
525,,,60643,476.0,120.0,180.0,340.0,181.0,25.0,100.0,309.0,303.0,216.0,376.0,2212.0,,,2021
526,,,60644,407.0,119.0,219.0,444.0,237.0,25.0,75.0,256.0,217.0,177.0,300.0,2169.0,,,2021
527,,,60645,503.0,169.0,232.0,279.0,119.0,15.0,78.0,200.0,179.0,418.0,285.0,1508.0,,,2021
528,,,60646,371.0,123.0,177.0,154.0,69.0,10.0,52.0,202.0,116.0,153.0,281.0,1009.0,,,2021
529,,,60647,940.0,259.0,477.0,478.0,175.0,26.0,167.0,552.0,342.0,351.0,601.0,3111.0,,,2021
530,,,60649,332.0,94.0,147.0,362.0,227.0,34.0,75.0,255.0,197.0,158.0,304.0,1816.0,,,2021
531,,,60651,806.0,185.0,260.0,493.0,219.0,29.0,108.0,355.0,270.0,234.0,356.0,2337.0,,,2021
532,,,60652,551.0,130.0,140.0,327.0,158.0,39.0,63.0,270.0,171.0,163.0,293.0,1896.0,,,2021
533,,,60653,271.0,81.0,127.0,234.0,168.0,22.0,78.0,229.0,141.0,145.0,214.0,1598.0,,,2021
534,,,60654,237.0,85.0,179.0,132.0,39.0,4.0,60.0,182.0,81.0,89.0,118.0,956.0,,,2021
535,,,60655,418.0,103.0,130.0,143.0,54.0,17.0,30.0,172.0,149.0,180.0,394.0,1321.0,,,2021
536,,,60656,355.0,123.0,199.0,236.0,116.0,14.0,69.0,240.0,161.0,170.0,274.0,846.0,,,2021
537,,,60657,697.0,212.0,571.0,360.0,79.0,18.0,159.0,529.0,294.0,316.0,542.0,3184.0,,,2021
538,,,60659,444.0,150.0,222.0,236.0,97.0,10.0,66.0,207.0,145.0,255.0,245.0,1181.0,,,2021
539,,,60660,347.0,108.0,200.0,174.0,77.0,19.0,78.0,207.0,137.0,137.0,208.0,1270.0,,,2021
540,,,60661,103.0,41.0,77.0,68.0,15.0,3.0,37.0,81.0,35.0,51.0,75.0,579.0,,,2021
541,,,60666,0.0,0.0,0.0,0.0,0.0,0.0,0.0,0.0,0.0,1.0,1.0,1.0,,,2021
542,,,60707,216.0,54.0,105.0,102.0,47.0,7.0,27.0,127.0,80.0,74.0,138.0,603.0,,,2021
543,,,60827,33.0,10.0,15.0,48.0,30.0,2.0,4.0,22.0,42.0,34.0,36.0,213.0,,,2021
544,,,Unknown,67.0,24.0,13.0,44.0,24.0,7.0,27.0,182.0,98.0,102.0,224.0,2450.0,,,2021
545,,,60601,1024.0,,,,,,,,,,,,,,2022
546,,,60602,76.0,,,,,,,,,,,,,,2022
547,,,60603,61.0,,,,,,,,,,,,,,2022
548,,,60604,87.0,,,,,,,,,,,,,,2022
549,,,60605,795.0,,,,,,,,,,,,,,2022
550,,,60606,154.0,,,,,,,,,,,,,,2022
551,,,60607,937.0,,,,,,,,,,,,,,2022
552,,,60608,2388.0,,,,,,,,,,,,,,2022
553,,,60609,1907.0,,,,,,,,,,,,,,2022
554,,,60610,1030.0,,,,,,,,,,,,,,2022
555,,,60611,935.0,,,,,,,,,,,,,,2022
556,,,60612,1106.0,,,,,,,,,,,,,,2022
557,,,60613,1576.0,,,,,,,,,,,,,,2022
558,,,60614,1826.0,,,,,,,,,,,,,,2022
559,,,60615,1043.0,,,,,,,,,,,,,,2022
560,,,60616,1324.0,,,,,,,,,,,,,,2022
561,,,60617,1812.0,,,,,,,,,,,,,,2022
562,,,60618,2997.0,,,,,,,,,,,,,,2022
563,,,60619,1379.0,,,,,,,,,,,,,,2022
564,,,60620,1476.0,,,,,,,,,,,,,,2022
565,,,60621,675.0,,,,,,,,,,,,,,2022
566,,,60622,1582.0,,,,,,,,,,,,,,2022
567,,,60623,3047.0,,,,,,,,,,,,,,2022
568,,,60624,936.0,,,,,,,,,,,,,,2022
569,,,60625,2579.0,,,,,,,,,,,,,,2022
570,,,60626,1750.0,,,,,,,,,,,,,,2022
571,,,60628,1527.0,,,,,,,,,,,,,,2022
572,,,60629,3587.0,,,,,,,,,,,,,,2022
573,,,60630,2161.0,,,,,,,,,,,,,,2022
574,,,60631,1233.0,,,,,,,,,,,,,,2022
575,,,60632,3006.0,,,,,,,,,,,,,,2022
576,,,60633,307.0,,,,,,,,,,,,,,2022
577,,,60634,2793.0,,,,,,,,,,,,,,2022
578,,,60636,841.0,,,,,,,,,,,,,,2022
579,,,60637,1328.0,,,,,,,,,,,,,,2022
580,,,60638,2232.0,,,,,,,,,,,,,,2022
581,,,60639,3462.0,,,,,,,,,,,,,,2022
582,,,60640,1950.0,,,,,,,,,,,,,,2022
583,,,60641,2665.0,,,,,,,,,,,,,,2022
584,,,60642,587.0,,,,,,,,,,,,,,2022
585,,,60643,1203.0,,,,,,,,,,,,,,2022
586,,,60644,1273.0,,,,,,,,,,,,,,2022
587,,,60645,1820.0,,,,,,,,,,,,,,2022
588,,,60646,1067.0,,,,,,,,,,,,,,2022
589,,,60647,2470.0,,,,,,,,,,,,,,2022
590,,,60649,1009.0,,,,,,,,,,,,,,2022
591,,,60651,1973.0,,,,,,,,,,,,,,2022
592,,,60652,1455.0,,,,,,,,,,,,,,2022
593,,,60653,860.0,,,,,,,,,,,,,,2022
594,,,60654,558.0,,,,,,,,,,,,,,2022
595,,,60655,860.0,,,,,,,,,,,,,,2022
596,,,60656,1037.0,,,,,,,,,,,,,,2022
597,,,60657,2048.0,,,,,,,,,,,,,,2022
598,,,60659,1621.0,,,,,,,,,,,,,,2022
599,,,60660,1242.0,,,,,,,,,,,,,,2022
600,,,60661,333.0,,,,,,,,,,,,,,2022
601,,,60666,1.0,,,,,,,,,,,,,,2022
602,,,60707,492.0,,,,,,,,,,,,,,2022
603,,,60827,86.0,,,,,,,,,,,,,,2022
604,,,Unknown,2275.0,,,,,,,,,,,,,,2022
