,LOCATION,ADDRESS,CITY,ZIP,JANUARY,FEBRUARY,MARCH,APRIL,MAY,JUNE,JULY,AUGUST,SEPTEMBER,OCTOBER,NOVEMBER,DECEMBER,YTD,Type,Year,BRANCH,Location
0,Albany Park,3401 W. Foster Ave.,Chicago,60625,8214,7614,8460,7414,7044,7970,9664,9069,7053,8012,6571,5924,93009,Circulation,2019,,
1,Altgeld,13281 S. Corliss Ave.,Chicago,60827,378,326,332,270,320,325,354,229,234,377,369,500,4014,Circulation,2019,,
2,Archer Heights,5055 S. Archer Ave.,Chicago,60632,5365,5019,5417,5349,4833,4627,5356,4793,4537,5263,4051,3415,58025,Circulation,2019,,
3,Austin,5615 W. Race Ave.,Chicago,60644,215,590,706,736,806,983,1134,1236,1193,1361,1286,1082,11328,Circulation,2019,,
4,Austin-Irving,6100 W. Irving Park Rd.,Chicago,60634,9678,9764,10845,10541,9763,11442,11634,11063,9379,9932,8567,6492,119100,Circulation,2019,,
5,Avalon,8148 S. Stony Island Ave.,Chicago,60617,2910,2836,3086,3152,2942,3279,3460,3538,2910,3128,2585,2654,36480,Circulation,2019,,
6,Back of the Yards,2111 W. 47th St.,Chicago,60609,2156,1856,2091,2593,1837,1772,2412,2393,1820,2286,1534,1715,24465,Circulation,2019,,
7,Beverly,1962 W. 95th St.,Chicago,60643,3937,4035,4177,3974,3769,4180,4425,4651,4013,4660,3980,3350,49151,Circulation,2019,,
8,Bezazian,1226 W. Ainslie St.,Chicago,60640,8524,7113,8426,8151,8319,7785,8873,9245,8064,8695,7625,7536,98356,Circulation,2019,,
9,Blackstone,4904 S. Lake Park Ave.,Chicago,60615,7981,7477,9197,8088,7609,9343,9804,9745,7941,8423,7648,6577,99833,Circulation,2019,,
10,Brainerd,1350 W. 89th St.,Chicago,60620,677,623,649,837,878,969,720,850,897,841,659,604,9204,Circulation,2019,,
11,Brighton Park,4314 S. Archer Ave.,Chicago,60632,4157,3471,4160,3668,3650,3524,3759,4420,3786,4443,3223,2747,45008,Circulation,2019,,
12,Bucktown-Wicker Park,1701 N. Milwaukee Ave.,Chicago,60647,8642,8309,9764,8341,8659,9859,10344,10569,9277,9444,8693,7519,109420,Circulation,2019,,
13,Budlong Woods,5630 N. Lincoln Ave.,Chicago,60659,8892,8935,9106,8191,7487,7449,8624,8233,7203,7790,7191,6498,95599,Circulation,2019,,
14,Canaryville,642 W. 43rd St.,Chicago,60609,1617,1426,1735,1527,1562,1646,1793,1845,1612,1933,1749,1666,20111,Circulation,2019,,
15,Chicago Bee,3647 S. State St.,Chicago,60609,862,991,936,731,859,817,1076,1056,970,1068,802,757,10925,Circulation,2019,,
16,Chicago Lawn,6120 S. Kedzie Ave.,Chicago,60629,2521,2415,2883,3005,2712,2618,3362,3220,2381,4,1624,1901,28646,Circulation,2019,,
17,Chinatown,2100 S. Wentworth Ave.,Chicago,60616,8235,7775,9347,8221,8037,8501,8711,9063,7789,7748,7175,6707,97309,Circulation,2019,,
18,Clearing,6423 W. 63rd Pl.,Chicago,60638,2534,2530,2557,2565,2800,2628,3158,3106,2594,588,958,1941,27959,Circulation,2019,,
19,Coleman,731 E. 63rd St.,Chicago,60637,2291,2446,2394,2464,2153,2517,2374,2244,26,1034,1675,1588,23206,Circulation,2019,,
20,"Daley, Richard J.",3400 S. Halsted St.,Chicago,60608,5280,4497,5730,5508,5332,5140,5897,5438,4696,5175,5016,3980,61689,Circulation,2019,,
21,"Daley, Richard M.",733 N. Kedzie Ave.,Chicago,60612,2492,2471,2734,2525,2348,2471,2453,2302,2753,3317,2655,2493,31014,Circulation,2019,,
22,Douglass,3353 W. 13th St.,Chicago,60623,0,0,4,0,0,0,0,0,0,2,423,821,1250,Circulation,2019,,
23,Dunning,7455 W. Cornelia Ave.,Chicago,60634,4058,4305,4361,4329,3820,3835,4769,4348,4261,3534,3443,3183,48246,Circulation,2019,,
24,Edgebrook,5331 W. Devon Ave.,Chicago,60646,8719,8489,9174,8587,8264,9335,10893,10515,8092,8733,7434,6568,104803,Circulation,2019,,
25,Edgewater,6000 N. Broadway St.,Chicago,60660,14294,13730,14560,14545,13342,14701,16253,16822,13737,14577,13183,11655,171399,Circulation,2019,,
26,Gage Park,2807 W. 55th St.,Chicago,60632,1012,825,1048,1055,898,1082,1513,1140,1117,1950,1365,1097,14102,Circulation,2019,,
27,Galewood-Mont Clare,6871 W. Belden Ave.,Chicago,60707,749,640,856,760,783,826,856,741,923,816,649,557,9156,Circulation,2019,,
28,Garfield Ridge,6348 S. Archer Ave.,Chicago,60638,4409,4318,4643,4517,4164,4622,5448,4765,3661,5170,4220,3250,53187,Circulation,2019,,
29,Greater Grand Crossing,1000 E. 73rd St.,Chicago,60619,1087,1054,1424,1267,1409,1463,2066,1605,1984,1556,1220,1129,17264,Circulation,2019,,
30,Hall,4801 S. Michigan Ave.,Chicago,60615,1075,1028,1323,1207,1138,1382,1690,1651,1837,1573,1150,1131,16185,Circulation,2019,,
31,HAROLD WASHINGTON LIBRARY CENTER,400 S. State Street,CHICAGO,60605,48072,46112,52568,49554,48041,47580,51624,52012,48078,50636,44604,42270,581151,Circulation,2019,,
32,Hegewisch,3048 E. 130th St.,Chicago,60633,1688,1573,1733,1509,1347,1566,1805,1495,1340,1840,1554,1602,19052,Circulation,2019,,
33,Humboldt Park,1605 N. Troy St.,Chicago,60647,5075,4464,5367,4966,4348,4526,5304,4890,4473,4897,4345,3914,56569,Circulation,2019,,
34,Independence,4024 N. Elston Ave.,Chicago,60618,2293,6993,8700,7706,6668,8554,9449,9876,7103,8396,7125,5592,88455,Circulation,2019,,
35,Jefferson Park,5363 W. Lawrence Ave.,Chicago,60630,4148,94,0,0,0,0,0,0,0,9,2642,4913,11806,Circulation,2019,,
36,Jeffery Manor,2401 E. 100th St.,Chicago,60617,632,603,632,659,503,649,791,951,927,1041,729,657,8774,Circulation,2019,,
37,Kelly,6151 S. Normal Blvd.,Chicago,60621,1048,730,711,847,906,1070,1235,1117,932,862,825,833,11116,Circulation,2019,,
38,King,3436 S. King Dr.,Chicago,60616,1713,1464,1733,1679,1598,1813,1804,1703,1891,2171,1985,1757,21311,Circulation,2019,,
39,Legler Regional,115 S. Pulaski Rd.,Chicago,60624,769,767,701,723,1039,928,1240,1281,1045,79,0,0,8572,Circulation,2019,,
40,Lincoln Belmont,1659 W. Melrose St.,Chicago,60657,11587,11718,15218,14150,13897,14997,16318,16522,13504,15803,13617,11315,168646,Circulation,2019,,
41,Lincoln Park,1150 W. Fullerton Ave.,Chicago,60614,9826,9336,11605,10534,10314,11653,12704,12758,11161,12329,11050,10067,133337,Circulation,2019,,
42,Little Italy,1336 W. Taylor St.,Chicago,60607,1088,3975,6130,5485,5717,6177,6750,6558,4983,5642,5020,4756,62281,Circulation,2019,,
43,Little Village,2311 S. Kedzie Ave.,Chicago,60623,2973,3106,3354,3732,3139,3348,3633,3547,3385,3790,2799,2474,39280,Circulation,2019,,
44,Logan Square,3030 W. Fullerton Ave.,Chicago,60647,10828,9873,11488,10770,11114,10870,12661,12090,10834,11858,10353,9206,131945,Circulation,2019,,
45,Lozano,1805 S. Loomis St.,Chicago,60608,3781,3346,3974,3237,2960,3189,3781,4139,3516,3952,3273,2963,42111,Circulation,2019,,
46,Manning,6 S. Hoyne Ave.,Chicago,60612,1730,1729,1758,1898,1716,1705,2130,2269,1877,2116,1800,1490,22218,Circulation,2019,,
47,Mayfair,4400 W. Lawrence Ave.,Chicago,60630,4283,3826,4475,3935,3606,4006,4444,4403,3873,4068,3270,2713,46902,Circulation,2019,,
48,McKinley Park,1915 W. 35th St.,Chicago,60609,4477,4649,5101,5260,4593,4902,5079,5105,4969,5266,4521,3960,57882,Circulation,2019,,
49,Merlo,644 W. Belmont Ave.,Chicago,60657,8053,6583,1,0,0,0,0,0,0,0,0,0,14637,Circulation,2019,,
50,Mount Greenwood,11010 S. Kedzie Ave.,Chicago,60655,4301,4637,4949,4624,4788,5486,6275,5271,4309,4748,4179,3483,57050,Circulation,2019,,
51,Near North,310 W. Division St.,Chicago,60610,8232,7589,8325,8367,8600,8953,9921,9653,8051,9220,7965,7350,102226,Circulation,2019,,
52,North Austin,5724 W. North Ave.,Chicago,60639,997,821,735,995,959,1030,1308,1333,1161,1238,1014,875,12466,Circulation,2019,,
53,North Pulaski,4300 W. North Ave.,Chicago,60639,2476,2106,2397,2677,2290,2076,2514,2514,2097,2314,2074,1695,27230,Circulation,2019,,
54,Northtown,6800 N. Western Ave.,Chicago,60645,109,45,9413,10129,9740,11365,13998,12762,9765,11590,9017,9011,106944,Circulation,2019,,
55,Oriole Park,7454 W. Balmoral Ave.,Chicago,60656,5120,5265,6103,5583,5305,6012,6505,5992,4985,5501,4503,4334,65208,Circulation,2019,,
56,Portage-Cragin,5108 W. Belmont Ave.,Chicago,60641,6272,5363,6671,2688,0,1265,6023,5576,5101,4703,4909,4062,52633,Circulation,2019,,
57,Pullman,11001 S. Indiana Ave.,Chicago,60628,1139,1072,1052,1013,1104,1155,976,1042,1067,1046,885,955,12506,Circulation,2019,,
58,Roden,6083 N. Northwest Hwy.,Chicago,60631,5994,5749,6976,6455,5990,6697,7785,6981,5813,6196,5845,2444,72925,Circulation,2019,,
59,Rogers Park,6907 N. Clark St.,Chicago,60626,10289,10039,10648,9532,8916,9357,10283,10171,8841,9068,8141,7680,112965,Circulation,2019,,
60,Scottsdale,4101 W. 79th St.,Chicago,60652,2062,1744,2184,2016,1875,1836,2038,1826,1530,1719,1689,1404,21923,Circulation,2019,,
61,Sherman Park,5440 S. Racine Ave.,Chicago,60609,589,593,540,595,584,483,743,696,548,691,515,427,7004,Circulation,2019,,
62,South Chicago,9055 S. Houston Ave.,Chicago,60617,1375,1548,1480,1677,1541,1601,1612,1614,1641,1790,1484,1336,18699,Circulation,2019,,
63,South Shore,2505 E. 73rd St.,Chicago,60649,2052,511,7,0,0,0,0,0,0,0,0,1,2571,Circulation,2019,,
64,Sulzer Regional Library,4455 N. Lincoln Ave.,Chicago,60625,31782,29305,33438,30611,29432,32036,33964,33231,29364,30507,29105,26755,369530,Circulation,2019,,
65,Thurgood Marshall,7506 S. Racine Ave.,Chicago,60620,1845,1936,1730,1753,1868,1945,2108,1699,1595,1857,1508,1295,21139,Circulation,2019,,
66,Toman,2708 S. Pulaski Rd.,Chicago,60623,4427,4176,4282,4473,3687,3752,4700,3840,4213,4874,3991,3612,50027,Circulation,2019,,
67,Uptown,929 W. Buena Ave.,Chicago,60613,4063,5991,7361,7704,7969,8542,9561,9434,7843,8226,7514,6661,90869,Circulation,2019,,
68,Vodak-East Side,3710 E. 106th St.,Chicago,60617,2715,2577,2948,2581,2480,2536,2907,2621,2293,2911,2254,1208,30031,Circulation,2019,,
69,Walker,11071 S. Hoyne Ave.,Chicago,60643,1385,1481,1480,1381,1451,1697,2011,2080,1597,1115,54,773,16505,Circulation,2019,,
70,Water Works,163 E. Pearson Street,Chicago,60611,4141,3801,4478,4515,4864,4964,5788,5799,5057,5194,5049,4308,57958,Circulation,2019,,
71,West Belmont,3104 N. Narragansett Ave.,Chicago,60611,2334,4986,5554,6818,6454,7153,6601,6583,5137,5871,4561,3801,65853,Circulation,2019,,
72,West Chicago Avenue,4856 W. Chicago Ave.,Chicago,60634,827,767,684,756,851,228,845,731,802,1031,704,586,8812,Circulation,2019,,
73,West Englewood,1745 W. 63rd St.,Chicago,60651,1053,940,1043,1095,1200,1100,1249,1469,1227,1181,1123,854,13534,Circulation,2019,,
74,West Lawn,4020 W. 63rd St.,Chicago,60636,2757,2631,2859,3038,2761,2807,3470,3049,2919,4307,3305,2479,36382,Circulation,2019,,
75,West Loop,122 N. Aberdeen St.,Chicago,60607,2620,5386,5732,4838,4830,4879,5720,5916,5124,5449,4789,4122,59405,Circulation,2019,,
76,West Pullman,830 W. 119th St.,Chicago,60643,1346,1439,1563,1343,1659,1656,1663,1630,1673,1422,1217,1212,17823,Circulation,2019,,
77,West Town,1625 W. Chicago Ave.,Chicago,60622,5076,4166,5454,5075,4659,5366,5756,5878,5001,4950,4511,3997,59889,Circulation,2019,,
78,"Whitney M. Young, Jr.",415 East 79th St.,Chicago,60619,763,1496,2003,1911,1879,1997,2126,1914,1861,2288,2089,1646,21973,Circulation,2019,,
79,Woodson Regional Library,9525 S. Halsted St.,Chicago,60628,5061,5034,5524,5313,4683,5133,5103,4966,5118,5475,4667,3856,59933,Circulation,2019,,
80,Wrightwood-Ashburn,8530 S. Kedzie Ave.,Chicago,60652,1478,1322,1526,1440,1566,1675,1812,1631,1552,1475,1297,833,17607,Circulation,2019,,
81,Albany Park,3401 W. Foster Ave.,Chicago,60625,10405,10594,11498,10867,10395,11171,11532,11387,11534,11677,9741,9454,130255,Visitors,2019,,
82,Altgeld,13281 S. Corliss Ave.,Chicago,60827,2083,2358,2380,2127,2247,2484,2578,2512,2462,2678,2014,2273,28196,Visitors,2019,,
83,Archer Heights,5055 S. Archer Ave.,Chicago,60632,6378,7521,7809,7824,7162,6952,7835,7536,6908,8219,6679,5770,86593,Visitors,2019,,
84,Austin,5615 W. Race Ave.,Chicago,60644,4878,5391,5655,5378,5178,5895,7399,7962,6299,7604,8128,7713,77480,Visitors,2019,,
85,Austin-Irving,6100 W. Irving Park Rd.,Chicago,60634,8003,8879,9627,8853,9172,9897,10441,10110,9031,10054,8060,6953,109080,Visitors,2019,,
86,Avalon,8148 S. Stony Island Ave.,Chicago,60617,7925,8093,8748,11392,8896,7870,9318,9045,8389,10385,7523,7078,104662,Visitors,2019,,
87,Back of the Yards,2111 W. 47th St.,Chicago,60609,3382,3235,3990,3864,4310,3670,4447,4243,3801,4173,3007,2867,44989,Visitors,2019,,
88,Beverly,1962 W. 95th St.,Chicago,60643,5727,6496,6627,6492,7135,6496,6890,6275,6777,7333,6761,3327,76336,Visitors,2019,,
89,Bezazian,1226 W. Ainslie St.,Chicago,60640,9666,8634,9543,10704,10433,10540,11867,12265,9769,11981,9164,7005,121571,Visitors,2019,,
90,Blackstone,4904 S. Lake Park Ave.,Chicago,60615,7440,6986,8107,8534,7677,8143,9601,8850,7733,7779,7112,6396,94358,Visitors,2019,,
91,Brainerd,1350 W. 89th St.,Chicago,60620,5057,6719,5235,6594,6380,7204,4534,4690,3680,4456,3039,2439,60027,Visitors,2019,,
92,Brighton Park,4314 S. Archer Ave.,Chicago,60632,4444,4593,4480,5680,4161,4514,5194,5142,4223,5799,4107,3349,55686,Visitors,2019,,
93,Bucktown-Wicker Park,1701 N. Milwaukee Ave.,Chicago,60647,10961,10580,13487,10603,8590,10533,11950,11519,9416,10659,10384,9460,128142,Visitors,2019,,
94,Budlong Woods,5630 N. Lincoln Ave.,Chicago,60659,9917,11174,11358,10868,9672,10735,11979,11038,9372,10725,9318,8893,125049,Visitors,2019,,
95,Canaryville,642 W. 43rd St.,Chicago,60609,2614,2956,3515,3195,3186,3617,3931,3467,3130,3435,3129,2748,38923,Visitors,2019,,
96,Chicago Bee,3647 S. State St.,Chicago,60609,1585,1742,1957,2287,2114,2335,2184,1920,1720,2296,1925,1643,23708,Visitors,2019,,
97,Chicago Lawn,6120 S. Kedzie Ave.,Chicago,60629,5247,6273,5315,5792,5304,6077,7165,8598,4600,0,0,0,54371,Visitors,2019,,
98,Chinatown,2100 S. Wentworth Ave.,Chicago,60616,16716,21237,24670,22875,23898,22703,24518,26210,22446,24910,21183,20148,271514,Visitors,2019,,
99,Clearing,6423 W. 63rd Pl.,Chicago,60638,4283,5259,5385,5196,4787,4777,6062,5700,4742,185,1552,3740,51668,Visitors,2019,,
100,Coleman,731 E. 63rd St.,Chicago,60637,6123,6834,6745,7398,6891,6603,8386,7985,0,4517,6031,6884,74397,Visitors,2019,,
101,"Daley, Richard J.",3400 S. Halsted St.,Chicago,60608,4550,4650,5042,5536,5059,4988,5952,5590,4853,5618,4720,4105,60663,Visitors,2019,,
102,"Daley, Richard M.",733 N. Kedzie Ave.,Chicago,60612,9216,10480,10319,9572,8927,8959,9283,11059,8526,9535,8850,11435,116161,Visitors,2019,,
103,Douglass,3353 W. 13th St.,Chicago,60623,0,0,0,0,0,0,0,0,0,0,0,0,0,Visitors,2019,,
104,Dunning,7455 W. Cornelia Ave.,Chicago,60634,7777,8684,8650,8425,9254,9519,10353,9049,10065,8865,6802,6816,104259,Visitors,2019,,
105,Edgebrook,5331 W. Devon Ave.,Chicago,60646,7241,8130,8517,8361,7260,8955,9688,9171,7282,8610,7074,6716,97005,Visitors,2019,,
106,Edgewater,6000 N. Broadway St.,Chicago,60660,11504,17381,19171,20253,15847,16459,18370,17216,15906,17014,14596,13328,197045,Visitors,2019,,
107,Gage Park,2807 W. 55th St.,Chicago,60632,2111,1979,2000,2177,2185,2569,3111,2967,2435,3834,2256,2082,29706,Visitors,2019,,
108,Galewood-Mont Clare,6871 W. Belden Ave.,Chicago,60707,1597,1444,1725,2061,1722,1923,3067,1882,1510,1596,1129,807,20463,Visitors,2019,,
109,Garfield Ridge,6348 S. Archer Ave.,Chicago,60638,4500,4904,5803,5559,5099,5850,7855,6865,5307,7239,6105,5042,70128,Visitors,2019,,
110,Greater Grand Crossing,1000 E. 73rd St.,Chicago,60619,4541,6664,7689,7662,7828,6828,4125,3715,6132,4111,4940,5763,69998,Visitors,2019,,
111,Hall,4801 S. Michigan Ave.,Chicago,60615,5040,7987,7226,5947,4439,5110,6350,5452,5026,5833,4891,4583,67884,Visitors,2019,,
112,Harold Washtington Library Center,400 S. State St.,Chicago,60605,103099,103013,121131,130849,114792,116673,119738,116332,107200,128546,102895,141696,1405964,Visitors,2019,,
113,Hegewisch,3048 E. 130th St.,Chicago,60633,3316,3462,3985,3766,3153,2999,3147,2971,2941,3366,2956,2685,38747,Visitors,2019,,
114,Humboldt Park,1605 N. Troy St.,Chicago,60647,5224,9661,7993,7773,6737,6220,6957,6630,5617,6141,5104,4489,78546,Visitors,2019,,
115,Independence,4024 N. Elston Ave.,Chicago,60618,1370,6593,7220,6917,5745,7940,7363,7810,6034,6929,6349,4782,75052,Visitors,2019,,
116,Jefferson Park,5363 W. Lawrence Ave.,Chicago,60630,3918,0,0,0,0,0,0,0,0,0,0,2190,6108,Visitors,2019,,
117,Jeffery Manor,2401 E. 100th St.,Chicago,60617,4733,6392,5537,5750,5473,5423,4722,4233,4210,4508,3242,3259,57482,Visitors,2019,,
118,Kelly,6151 S. Normal Blvd.,Chicago,60621,4435,4047,4547,4983,5075,5598,7550,6978,5805,6778,4742,4809,65347,Visitors,2019,,
119,King,3436 S. King Dr.,Chicago,60616,3695,4217,3618,3429,2261,2438,2503,2578,2107,2298,3362,2684,35190,Visitors,2019,,
120,Legler Regional,115 S. Pulaski Rd.,Chicago,60624,6386,6630,7195,6949,7489,4550,11452,11899,9477,0,0,0,72027,Visitors,2019,,
121,Lincoln Belmont,1659 W. Melrose St.,Chicago,60657,11415,11059,13860,13440,12697,13591,15408,14672,12394,14886,12402,10364,156188,Visitors,2019,,
122,Lincoln Park,1150 W. Fullerton Ave.,Chicago,60614,9854,13476,14077,11767,9822,10961,12604,11804,10455,11912,10723,9969,137424,Visitors,2019,,
123,Little Italy,1336 W. Taylor St.,Chicago,60607,0,4816,11303,11381,11304,11502,12663,12261,10363,12198,10555,9705,118051,Visitors,2019,,
124,Little Village,2311 S. Kedzie Ave.,Chicago,60623,6716,7025,7467,7492,6809,5966,8116,7093,5779,7695,5774,4757,80689,Visitors,2019,,
125,Logan Square,3030 W. Fullerton Ave.,Chicago,60647,10787,11189,12731,13085,12085,13409,15385,14070,12177,13592,11271,10749,150530,Visitors,2019,,
126,Lozano,1805 S. Loomis St.,Chicago,60608,10057,9935,10745,12061,9690,9632,10214,10118,9436,11858,10613,9009,123368,Visitors,2019,,
127,Manning,6 S. Hoyne Ave.,Chicago,60612,7361,7085,7814,7168,6320,6161,6978,6639,5923,8186,7512,7011,84158,Visitors,2019,,
128,Thurgood Marshall,7506 S. Racine Ave.,Chicago,60620,5148,5317,7870,3967,6344,6597,7460,7055,5982,10479,6336,5654,78209,Visitors,2019,,
129,Mayfair,4400 W. Lawrence Ave.,Chicago,60630,3625,4111,4350,4369,3606,3835,3371,4187,3903,4320,3900,3570,47147,Visitors,2019,,
130,McKinley Park,1915 W. 35th St.,Chicago,60609,7154,8242,8220,8226,7968,9138,10614,8844,7834,8637,7739,6630,99246,Visitors,2019,,
131,Merlo,644 W. Belmont Ave.,Chicago,60657,8108,11525,0,0,0,0,0,0,0,0,0,0,19633,Visitors,2019,,
132,Mount Greenwood,11010 S. Kedzie Ave.,Chicago,60655,4670,4966,4987,5070,5094,5670,6647,3999,2293,3048,2614,2217,51275,Visitors,2019,,
133,Near North,310 W. Division St.,Chicago,60610,10281,11897,11311,10963,10209,11213,12401,11582,10023,11624,9205,9447,130156,Visitors,2019,,
134,North Austin,5724 W. North Ave.,Chicago,60639,3163,2591,2364,3658,3457,3369,4244,4556,3488,4209,3419,3439,41957,Visitors,2019,,
135,North Pulaski,4300 W. North Ave.,Chicago,60639,3324,4141,5013,3923,3875,3948,4404,5103,3372,4093,3590,2932,47718,Visitors,2019,,
136,Northtown,6800 N. Western Ave.,Chicago,60645,0,0,8377,10287,10443,10928,13805,13024,10819,12803,10329,3418,104233,Visitors,2019,,
137,Oriole Park,7454 W. Balmoral Ave.,Chicago,60656,6053,7235,7352,6842,6241,6540,7478,6484,7282,7216,6509,6597,81829,Visitors,2019,,
138,Portage-Cragin,5108 W. Belmont Ave.,Chicago,60641,5687,7332,7091,3696,0,722,6029,5739,4948,3960,5244,4353,54801,Visitors,2019,,
139,Pullman,11001 S. Indiana Ave.,Chicago,60628,3919,3820,4214,4370,3626,3985,4783,4638,4086,4430,3803,3696,49370,Visitors,2019,,
140,Roden,6083 N. Northwest Hwy.,Chicago,60631,4319,11837,10835,6604,4550,5163,5669,5857,4441,5405,4277,1925,70882,Visitors,2019,,
141,Rogers Park,6907 N. Clark St.,Chicago,60626,14708,12762,11756,12728,12520,12630,14204,14437,11482,13277,11192,10366,152062,Visitors,2019,,
142,Scottsdale,4101 W. 79th St.,Chicago,60652,3407,3639,3388,4375,3744,3481,4237,3922,3503,4085,3692,3041,44514,Visitors,2019,,
143,Sherman Park,5440 S. Racine Ave.,Chicago,60609,3089,3028,3313,3416,3445,3356,4989,4646,3469,4224,3209,2044,42228,Visitors,2019,,
144,South Chicago,9055 S. Houston Ave.,Chicago,60617,6062,6279,7879,6299,6810,6856,6928,7793,7794,7790,6574,6029,83093,Visitors,2019,,
145,South Shore,2505 E. 73rd St.,Chicago,60649,5613,5077,0,0,0,0,0,0,0,0,0,0,10690,Visitors,2019,,
146,Sulzer Regional Library,4455 N. Lincoln Ave.,Chicago,60625,24368,23998,32223,30983,37357,29641,33583,32266,29043,29043,30883,25256,358644,Visitors,2019,,
147,Toman,2708 S. Pulaski Rd.,Chicago,60623,6426,6954,7849,8025,6567,7071,10676,9234,7270,9047,5027,4428,88574,Visitors,2019,,
148,Uptown,929 W. Buena Ave.,Chicago,60613,2827,8495,11025,11894,12081,11212,12847,12931,11159,12083,10504,9632,126690,Visitors,2019,,
149,Vodak-East Side,3710 E. 106th St.,Chicago,60617,4782,5306,5703,4964,4831,4973,6037,4992,4643,6519,4837,2900,60487,Visitors,2019,,
150,Walker,11071 S. Hoyne Ave.,Chicago,60643,2885,2896,3418,3325,3725,4001,3941,3563,3268,1731,0,0,32753,Visitors,2019,,
151,West Belmont,3104 N. Narragansett Ave.,Chicago,60611,2099,6107,6601,6253,5345,5968,6061,5570,4909,5503,4104,3723,62243,Visitors,2019,,
152,West Chicago Avenue,4856 W. Chicago Ave.,Chicago,60634,5513,5723,6113,5361,5921,1505,7290,7584,7329,8804,6452,6109,73704,Visitors,2019,,
153,West Englewood,1745 W. 63rd St.,Chicago,60651,5708,5481,5904,5717,5555,5780,6270,6818,5744,6739,4684,4843,69243,Visitors,2019,,
154,West Lawn,4020 W. 63rd St.,Chicago,60636,4032,4603,4727,5068,5002,5173,5857,7376,5870,6832,5152,5267,64959,Visitors,2019,,
155,West Loop,122 N. Aberdeen St.,Chicago,60607,3323,7748,7628,7529,6881,6892,7895,7753,6520,7804,7554,6442,83969,Visitors,2019,,
156,West Pullman,830 W. 119th St.,Chicago,60643,7373,8225,8535,9508,7508,6100,7248,7048,6296,6924,6154,6789,87708,Visitors,2019,,
157,West Town,1625 W. Chicago Ave.,Chicago,60622,7861,7916,8861,8380,7901,7270,11701,9935,8172,9223,8235,7371,102826,Visitors,2019,,
158,"Whitney M. Young, Jr.",415 East 79th St.,Chicago,60619,6599,6897,5449,6937,6943,6596,7538,6312,7118,7608,6857,7169,82023,Visitors,2019,,
159,Woodson Regional Library,9525 S. Halsted St.,Chicago,60628,15153,21771,22059,18687,16703,17239,18549,16946,17550,19223,15232,15061,214173,Visitors,2019,,
160,Wrightwood-Ashburn,8530 S. Kedzie Ave.,Chicago,60652,3740,2742,3248,3925,3401,4020,4994,4567,4462,4802,3880,3572,47353,Visitors,2019,,
161,POINT (-87.674251 41.692445),11071 S. Hoyne Ave.,Chicago,60643,1084,1084,963,0,0,465,805,875,889,946,712,736,8559,Circulation,2020,Walker,
162,POINT (-87.713595 41.975693),3401 W. Foster Ave.,Chicago,60625,7062,6338,3957,0,0,3130,5015,5095,4810,4807,4738,4295,49247,Circulation,2020,Albany Park,
163,POINT (-87.585869 41.746322),8148 S. Stony Island Ave.,Chicago,60617,2531,2244,1798,0,0,917,1466,1349,1543,1935,1407,1609,16799,Circulation,2020,Avalon,
164,POINT (-87.657726 41.732282),1350 W. 89th St.,Chicago,60620,583,450,314,0,0,139,288,382,364,488,258,311,3577,Circulation,2020,Brainerd,
165,POINT (-87.813329 41.978015),7454 W. Balmoral Ave.,Chicago,60656,6094,4772,3772,0,0,2792,4465,3772,4188,4486,4208,4134,42683,Circulation,2020,Oriole Park,
166,POINT (-87.660263 41.869359),1336 W. Taylor St.,Chicago,60607,5351,4915,3249,0,0,2876,3969,3816,3728,3814,3727,2341,37786,Circulation,2020,Little Italy,
167,POINT (-87.762043 41.997245),5331 W. Devon Ave.,Chicago,60646,8446,6924,5378,0,2,4591,7465,7083,6899,6664,4243,6304,63999,Circulation,2020,Edgebrook,
168,POINT (-87.637516 41.78199),6151 S. Normal Blvd.,Chicago,60621,933,773,561,0,0,291,307,365,317,417,250,284,4498,Circulation,2020,Kelly,
169,POINT (-87.660344 41.990916),6000 N. Broadway St.,Chicago,60660,14221,13235,9551,0,35,6613,10245,9833,9739,10487,9853,9758,103570,Circulation,2020,Edgewater,
170,POINT (-87.636644 41.903838),310 W. Division St.,Chicago,60610,8411,7896,4181,0,0,5435,8240,8014,8163,8189,7204,6765,72498,Circulation,2020,Near North,
171,POINT (-87.642569 41.81627),642 W. 43rd St.,Chicago,60609,1538,1571,984,0,6,0,0,0,0,21,0,0,4120,Circulation,2020,Canaryville,
172,POINT (-87.646149 41.8327),3400 S. Halsted St.,Chicago,60608,4460,4534,3439,0,0,2480,3809,3545,3804,4125,3450,3399,37045,Circulation,2020,"Daley, Richard J.- Bridgeport",
173,POINT (-87.679091 41.881026),6 S. Hoyne Ave.,Chicago,60612,1728,1597,0,0,0,0,0,0,0,0,0,0,3325,Circulation,2020,Manning,
174,POINT (-87.754875 41.938748),5108 W. Belmont Ave.,Chicago,60641,5674,4989,3519,0,0,2184,3091,3544,3445,3634,3233,2949,36262,Circulation,2020,Portage-Cragin,
175,POINT (-87.61416 41.751132),415 East 79th St.,Chicago,60619,1781,1655,1094,0,0,403,840,767,867,833,826,644,9710,Circulation,2020,"Whitney M. Young, Jr.",
176,POINT (-87.600377 41.762277),1000 E. 73rd St.,Chicago,60619,1265,1021,768,0,0,424,624,509,592,524,395,617,6739,Circulation,2020,Greater Grand Crossing,
177,POINT (-87.724291 41.749388),4101 W. 79th St.,Chicago,60652,1890,1661,1246,0,1,658,1059,1051,1013,1164,960,947,11650,Circulation,2020,Scottsdale,
178,POINT (-87.602139 41.653968),13281 S. Corliss Ave.,Chicago,60827,360,271,148,0,0,0,0,0,23,1,141,165,1109,Circulation,2020,Altgeld,
179,POINT (-87.723756 41.778629),4020 W. 63rd St.,Chicago,60629,3340,2954,1835,0,0,897,1197,1345,1617,1535,1313,963,16996,Circulation,2020,West Lawn,
180,POINT (-87.677601 41.808523),2111 W. 47th St.,Chicago,60609,1889,1847,1541,0,0,570,798,818,1087,1026,857,718,11151,Circulation,2020,Back of the Yards,
181,POINT (-87.67344 42.006673),6907 N. Clark St.,Chicago,60626,8713,8311,5421,1,5,4386,7040,7083,7252,7167,3328,6867,65574,Circulation,2020,Rogers Park,
182,POINT (-87.780098 41.792854),6348 S. Archer Ave.,Chicago,60638,3964,3688,2942,0,0,1749,2711,2813,2934,2797,2528,2347,28473,Circulation,2020,Garfield Ridge,
183,POINT (-87.61733500000001 41.832238000000004),3436 S. King Dr.,Chicago,60616,2157,1770,1276,0,0,135,982,872,960,1057,876,1060,11145,Circulation,2020,King,
184,POINT (-87.623239 41.89761),163 E. Pearson Street,Chicago,60611,5122,4327,3085,0,0,0,0,0,0,0,0,0,12534,Circulation,2020,Water Works,
185,POINT (-87.706545 41.89433),733 N. Kedzie Ave.,Chicago,60612,2800,2600,1643,0,0,1213,1310,1656,1598,1640,1237,1268,16965,Circulation,2020,"Daley, Richard M.- W Humboldt",
186,POINT (-87.705655 41.910536),1605 N. Troy St.,Chicago,60647,4333,4248,3380,0,0,1815,2991,3186,3462,5922,3748,3161,36246,Circulation,2020,Humboldt Park,
187,POINT (-87.684637 41.962677),4455 N. Lincoln Ave.,Chicago,60625,30141,28385,19560,0,1,14566,22356,22163,22489,22846,22776,21181,226464,Circulation,2020,Sulzer Regional Library,
188,POINT (-87.590213 41.80762),4904 S. Lake Park Ave.,Chicago,60615,7975,7461,4281,0,0,4583,6324,5951,6350,6111,5961,5840,60837,Circulation,2020,Blackstone,
189,POINT (-87.768878 41.909401),5724 W. North Ave.,Chicago,60639,1072,869,573,0,0,410,647,703,796,705,682,636,7093,Circulation,2020,North Austin,
190,POINT (-87.668233 41.89606),1625 W. Chicago Ave.,Chicago,60622,4684,4537,3287,0,0,2582,3101,3382,3452,3847,3394,3269,35535,Circulation,2020,West Town,
191,POINT (-87.696439 41.983843),5630 N. Lincoln Ave.,Chicago,60659,7384,6714,4696,0,0,3109,5321,5578,5659,6165,5467,5534,55627,Circulation,2020,Budlong Woods,
192,POINT (-87.658126 41.925316),1150 W. Fullerton Ave.,Chicago,60614,12260,11556,7889,0,0,6265,9061,8792,8753,9925,8895,8669,92065,Circulation,2020,Lincoln Park,
193,POINT (-87.66821 41.779364),1745 W. 63rd St.,Chicago,60636,1050,905,557,0,0,191,261,347,369,362,337,242,4621,Circulation,2020,West Englewood,
194,POINT (-87.726723 41.801206),5055 S. Archer Ave.,Chicago,60632,3769,3498,2681,0,0,1398,2151,2103,2194,2365,1954,1816,23929,Circulation,2020,Archer Heights,
195,POINT (-87.548914 41.65915300000001),3048 E. 130th St.,Chicago,60633,2020,1334,1404,0,0,602,1052,1113,1195,1219,652,888,11479,Circulation,2020,Hegewisch,
196,POINT (-87.719889 41.954219),4024 N. Elston Ave.,Chicago,60618,6652,7177,3946,0,0,3919,6265,5913,5559,5734,5356,5173,55694,Circulation,2020,Independence,
197,POINT (-87.661298 41.857604),1805 S. Loomis St.,Chicago,60608,3456,2838,1732,2,0,1142,2019,2201,2296,2186,1783,1881,21536,Circulation,2020,Lozano,
198,POINT (-87.563672 41.762654),2505 E. 73rd St.,Chicago,60649,1,965,1088,0,0,643,851,876,977,1038,808,533,7780,Circulation,2020,South Shore,
199,POINT (-87.631794 41.854267),2100 S. Wentworth Ave.,Chicago,60616,6044,5774,3024,0,5,2783,3699,3788,3891,4285,3502,3539,40334,Circulation,2020,Chinatown,
200,POINT (-87.709792 41.864527),3353 W. 13th St.,Chicago,60623,1112,879,577,0,0,235,368,311,418,414,276,195,4785,Circulation,2020,Douglass,
201,POINT (-87.703483 41.924806),3030 W. Fullerton Ave.,Chicago,60647,11156,10359,7846,0,1,4824,9139,8789,7514,3,5421,6871,71923,Circulation,2020,Logan Square,
202,POINT (-87.798265 41.991862),6083 N. Northwest Hwy.,Chicago,60631,1518,4675,4110,0,0,3236,4845,2779,3830,4345,4095,3821,37254,Circulation,2020,Roden,
203,POINT (-87.79846800000001 41.921134),6871 W. Belden Ave.,Chicago,60707,732,628,345,0,0,0,0,0,0,0,0,0,1705,Circulation,2020,Galewood-Mont Clare,
204,POINT (-87.785858 41.936833),3104 N. Narragansett Ave.,Chicago,60634,4697,4840,4026,0,11,1249,2989,2957,3032,3390,3049,2782,33022,Circulation,2020,West Belmont,
205,POINT (-87.680298 41.912224),1701 N. Milwaukee Ave.,Chicago,60647,9696,9222,6361,0,0,4494,6914,7265,7067,9118,7314,7422,74873,Circulation,2020,Bucktown-Wicker Park,
206,POINT (-87.733923 41.909856),4300 W. North Ave.,Chicago,60639,1733,1962,954,0,0,722,846,999,1102,1294,963,690,11265,Circulation,2020,North Pulaski,
207,POINT (-87.67345 41.830421),1915 W. 35th St.,Chicago,60609,4750,4363,3334,0,0,2296,3279,2914,2705,2790,2562,2022,31015,Circulation,2020,McKinley Park,
208,POINT (-87.64332700000001 41.677819),830 W. 119th St.,Chicago,60643,1449,1491,1083,0,0,344,678,790,842,739,703,649,8768,Circulation,2020,West Pullman,
209,POINT (-87.672288 41.721148),1962 W. 95th St.,Chicago,60643,3746,3822,3017,0,0,1937,2928,2817,2940,2793,2824,2349,29173,Circulation,2020,Beverly,
210,POINT (-87.725593 41.879302),115 S. Pulaski Rd.,Chicago,60624,0,0,0,0,0,0,0,0,0,1,23,221,245,Circulation,2020,Legler Regional,
211,POINT (-87.724477 41.842073),2708 S. Pulaski Rd.,Chicago,60623,4410,3785,3086,0,0,1239,2000,1602,1921,2100,1959,1679,23781,Circulation,2020,Toman,
212,POINT (-87.766942 41.889281),5615 W. Race Ave.,Chicago,60644,1315,1235,809,0,0,452,730,920,944,782,639,566,8392,Circulation,2020,Austin,
213,POINT (-87.70209 41.738313),8530 S. Kedzie Ave.,Chicago,60652,1313,1244,1016,0,0,512,764,674,760,947,645,721,8596,Circulation,2020,Wrightwood-Ashburn,
214,POINT (-87.761964 41.967648),5363 W. Lawrence Ave.,Chicago,60630,6161,5460,4235,0,2,3067,4073,3099,3574,4299,4109,3663,41742,Circulation,2020,Jefferson Park,
215,POINT (-87.738158 41.96815),4400 W. Lawrence Ave.,Chicago,60630,2929,2892,2079,0,0,1547,2408,2419,2662,2654,2626,2230,24446,Circulation,2020,Mayfair,
216,POINT (-87.549849 41.730371),9055 S. Houston Ave.,Chicago,60617,1667,1234,804,0,0,342,534,709,790,885,577,6,7548,Circulation,2020,South Chicago,
217,POINT (-87.782282 41.7768),6423 W. 63rd Pl.,Chicago,60638,2242,2139,1754,0,0,1109,1686,1626,1866,1686,1437,1407,16952,Circulation,2020,Clearing,
218,POINT (-87.646055 41.940054),644 W. Belmont Ave.,Chicago,60657,0,0,0,0,0,36,5627,6722,7177,7703,7005,6881,41151,Circulation,2020,Merlo,
219,POINT (-87.654217 41.95846),929 W. Buena Ave.,Chicago,60613,7877,7308,5655,0,0,4160,6301,5730,5915,6060,5055,5446,59507,Circulation,2020,Uptown,
220,POINT (-87.703231 41.781967),6120 S. Kedzie Ave.,Chicago,60629,2161,2506,1774,0,1,854,1321,1641,1278,1163,1271,1110,15080,Circulation,2020,Chicago Lawn,
221,POINT (-87.627695 41.876301),400 S. State Street,Chicago,60605,48585,42078,31090,275,245,16445,22446,23210,24061,24382,23071,20990,276878,Circulation,2020,Harold Washington Library Center,
222,POINT (-87.703067 41.814848),4314 S. Archer Ave.,Chicago,60632,3047,2830,2327,0,0,881,1610,1969,1859,1914,1373,1237,19047,Circulation,2020,Brighton Park,
223,POINT (-87.74730500000001 41.895019),4856 W. Chicago Ave.,Chicago,60651,703,713,412,0,0,207,345,284,298,338,236,138,3674,Circulation,2020,West Chicago Avenue,
224,POINT (-87.705179 41.849599),2311 S. Kedzie Ave.,Chicago,60623,2862,2444,1659,0,0,855,1144,1347,1602,1445,1132,1136,15626,Circulation,2020,Little Village,
225,POINT (-87.670434 41.940599),1659 W. Melrose St.,Chicago,60657,14013,13412,9198,0,12,7628,10263,9744,10462,11492,9859,9305,105388,Circulation,2020,Lincoln Belmont,
226,POINT (-87.694138 41.793722),2807 W. 55th St.,Chicago,60632,1254,1233,727,0,0,0,0,0,0,0,0,0,3214,Circulation,2020,Gage Park,
227,POINT (-87.690175 42.00536),6800 N. Western Ave.,Chicago,60645,10481,9613,7569,19,0,6868,10675,10285,9867,10236,9692,9492,94797,Circulation,2020,Northtown,
228,POINT (-87.813899 41.94331),7455 W. Cornelia Ave.,Chicago,60634,3769,3407,3017,0,0,2675,3465,3218,2786,2978,2817,2368,30500,Circulation,2020,Dunning,
229,POINT (-87.66074 41.971414),1226 W. Ainslie St.,Chicago,60640,8134,7405,5063,1,0,4028,6402,6339,6441,6726,5794,4218,60551,Circulation,2020,Bezazian,
230,POINT (-87.654421 41.883595),122 N. Aberdeen St.,Chicago,60607,5153,4618,2853,0,0,2238,3442,3858,3322,4115,3678,3434,36711,Circulation,2020,West Loop,
231,POINT (-87.618295 41.694366),11001 S. Indiana Ave.,Chicago,60628,840,716,551,0,0,204,375,249,16,0,222,195,3368,Circulation,2020,Pullman,
232,POINT (-87.565489 41.713513),2401 E. 100th St.,Chicago,60617,662,500,482,0,0,278,454,381,373,393,277,291,4091,Circulation,2020,Jeffery Manor,
233,POINT (-87.622776 41.807273),4801 S. Michigan Ave.,Chicago,60615,1249,1108,990,0,0,749,945,823,903,868,70,0,7705,Circulation,2020,Hall,
234,POINT (-87.700878 41.692925),11010 S. Kedzie Ave.,Chicago,60655,4603,3804,3015,0,0,2467,3297,3308,3425,3364,3317,2807,33407,Circulation,2020,Mount Greenwood,
235,POINT (-87.60684900000001 41.780405),731 E. 63rd St.,Chicago,60637,1747,1750,1032,0,0,727,923,1061,1015,888,798,836,10777,Circulation,2020,Coleman,
236,POINT (-87.779388 41.953025),6100 W. Irving Park Rd.,Chicago,60634,7877,7175,4749,0,0,4077,6122,5898,6365,5869,4495,4077,56704,Circulation,2020,Austin-Irving,
237,POINT (-87.643122 41.72067400000001),9525 S. Halsted St.,Chicago,60628,4587,4162,3034,0,10,1292,2022,2011,2187,2387,1802,1779,25273,Circulation,2020,Woodson Regional Library,
238,POINT (-87.65393 41.757373),7506 S. Racine Ave.,Chicago,60620,1485,1471,872,0,0,480,804,807,1008,1054,815,777,9573,Circulation,2020,Thurgood Marshall,
239,POINT (-87.626436 41.828152),3647 S. State St.,Chicago,60609,749,728,537,0,0,384,594,588,750,657,498,550,6035,Circulation,2020,Chicago Bee,
240,POINT (-87.533513 41.70272),3710 E. 106th St.,Chicago,60617,986,2091,1792,0,0,713,1343,1454,1246,1356,1578,1126,13685,Circulation,2020,Vodak-East Side,
241,POINT (-87.65487 41.794843),5440 S. Racine Ave.,Chicago,60609,411,521,373,0,0,117,202,223,209,129,302,188,2675,Circulation,2020,Sherman Park,
242,POINT (-87.674251 41.692445),11071 S. Hoyne Ave.,Chicago,60643,0,0,0,0,0,0,147,547,480,765,263,404,2606,Visitors,2020,Walker,
243,POINT (-87.713595 41.975693),3401 W. Foster Ave.,Chicago,60625,9878,9473,5077,0,0,3188,4156,4566,4295,4272,3727,3567,52199,Visitors,2020,Albany Park,
244,POINT (-87.585869 41.746322),8148 S. Stony Island Ave.,Chicago,60617,8908,7616,4437,0,0,2713,3939,4140,3933,3899,3575,2083,45243,Visitors,2020,Avalon,
245,POINT (-87.657726 41.732282),1350 W. 89th St.,Chicago,60620,2455,2279,1522,0,0,707,494,600,686,726,559,580,10608,Visitors,2020,Brainerd,
246,POINT (-87.813329 41.978015),7454 W. Balmoral Ave.,Chicago,60656,7781,6343,3920,0,0,1616,2382,2927,3467,3263,3626,3289,38614,Visitors,2020,Oriole Park,
247,POINT (-87.660263 41.869359),1336 W. Taylor St.,Chicago,60607,10850,10504,3401,0,0,2996,3099,2300,2087,1240,2886,1570,40933,Visitors,2020,Little Italy,
248,POINT (-87.762043 41.997245),5331 W. Devon Ave.,Chicago,60646,7485,6533,4488,0,0,3775,5091,4750,4749,4559,2329,3798,47557,Visitors,2020,Edgebrook,
249,POINT (-87.637516 41.78199),6151 S. Normal Blvd.,Chicago,60621,5448,5301,3274,0,0,360,610,857,736,814,664,582,18646,Visitors,2020,Kelly,
250,POINT (-87.660344 41.990916),6000 N. Broadway St.,Chicago,60660,15208,13339,16636,0,0,5031,7816,7342,5542,8189,5950,6397,91450,Visitors,2020,Edgewater,
251,POINT (-87.636644 41.903838),310 W. Division St.,Chicago,60610,10765,9489,6197,0,0,4539,6207,6005,6181,6109,4796,4860,65148,Visitors,2020,Near North,
252,POINT (-87.642569 41.81627),642 W. 43rd St.,Chicago,60609,2493,2555,1355,0,0,0,0,0,0,0,0,0,6403,Visitors,2020,Canaryville,
253,POINT (-87.646149 41.8327),3400 S. Halsted St.,Chicago,60608,4565,4210,2989,0,0,1503,1887,2104,2298,2744,2211,1559,26070,Visitors,2020,"Daley, Richard J.",
254,POINT (-87.679091 41.881026),6 S. Hoyne Ave.,Chicago,60612,7161,6683,0,0,0,0,0,0,0,0,0,0,13844,Visitors,2020,Manning,
255,POINT (-87.754875 41.938748),5108 W. Belmont Ave.,Chicago,60641,5365,5073,6851,0,0,1662,2497,3058,3013,3049,2182,2357,35107,Visitors,2020,Portage-Cragin,
256,POINT (-87.643122 41.72067400000001),9525 S. Halsted St.,Chicago,60628,16492,16461,14015,0,0,2238,4817,5088,5260,5900,4322,3773,78366,Visitors,2020,Woodson Regional Library,
257,POINT (-87.600377 41.762277),1000 E. 73rd St.,Chicago,60619,4210,3399,2046,0,0,673,1085,1150,1280,1521,1128,1043,17535,Visitors,2020,Greater Grand Crossing,
258,POINT (-87.724291 41.749388),4101 W. 79th St.,Chicago,60652,3190,3210,2501,0,0,1742,2531,2536,2210,2710,1835,1935,24400,Visitors,2020,Scottsdale,
259,POINT (-87.602139 41.653968),13281 S. Corliss Ave.,Chicago,60827,2730,1809,1127,0,0,0,0,0,0,0,0,0,5666,Visitors,2020,Altgeld,
260,POINT (-87.654421 41.883595),122 N. Aberdeen St.,Chicago,60607,7440,6686,3575,0,0,2387,3372,3462,2902,3051,2424,2568,37867,Visitors,2020,West Loop,
261,POINT (-87.677601 41.808523),2111 W. 47th St.,Chicago,60609,3226,3246,1848,0,0,1643,1652,1810,1820,1870,1503,1398,20016,Visitors,2020,Back of the Yards,
262,POINT (-87.67344 42.006673),6907 N. Clark St.,Chicago,60626,11997,11407,6878,0,0,4655,7428,7724,9067,8118,3129,5314,75717,Visitors,2020,Rogers Park,
263,POINT (-87.780098 41.792854),6348 S. Archer Ave.,Chicago,60638,5282,4928,3215,0,0,2448,2899,2941,2865,2957,2413,2337,32285,Visitors,2020,Garfield Ridge,
264,POINT (-87.61733500000001 41.832238000000004),3436 S. King Dr.,Chicago,60616,2904,3518,1960,0,0,65,1260,1438,1588,1585,1290,1294,16902,Visitors,2020,King,
265,POINT (-87.785858 41.936833),3104 N. Narragansett Ave.,Chicago,60634,3816,4175,7177,0,0,1076,2310,2471,2451,3088,2186,1979,30729,Visitors,2020,West Belmont,
266,POINT (-87.706545 41.89433),733 N. Kedzie Ave.,Chicago,60612,10899,11767,7358,0,0,5363,5653,5363,6430,7365,6105,6099,72402,Visitors,2020,"Daley, Richard M.",
267,POINT (-87.705655 41.910536),1605 N. Troy St.,Chicago,60647,4846,4760,6954,0,0,947,2441,3156,3432,4809,3148,2786,37279,Visitors,2020,Humboldt Park,
268,POINT (-87.684637 41.962677),4455 N. Lincoln Ave.,Chicago,60625,29483,27624,14313,0,0,9709,14281,14330,14172,15367,12640,13600,165519,Visitors,2020,Sulzer Regional Library,
269,POINT (-87.590213 41.80762),4904 S. Lake Park Ave.,Chicago,60615,7216,6828,3628,0,0,309,0,0,0,0,140,1954,20075,Visitors,2020,Blackstone,
270,POINT (-87.768878 41.909401),5724 W. North Ave.,Chicago,60639,3864,3893,1597,0,0,594,1260,1528,1448,1403,1192,1128,17907,Visitors,2020,North Austin,
271,POINT (-87.61416 41.751132),415 East 79th St.,Chicago,60619,8004,7119,10619,0,0,1010,1639,2376,2541,1505,1988,1330,38131,Visitors,2020,"Whitney M. Young, Jr.",
272,POINT (-87.696439 41.983843),5630 N. Lincoln Ave.,Chicago,60659,10069,9802,8101,0,0,3299,5719,6141,5455,5560,5100,5095,64341,Visitors,2020,Budlong Woods,
273,POINT (-87.658126 41.925316),1150 W. Fullerton Ave.,Chicago,60614,11563,11031,13002,0,0,4139,5547,5466,4993,6030,4960,5009,71740,Visitors,2020,Lincoln Park,
274,POINT (-87.723756 41.778629),4020 W. 63rd St.,Chicago,60629,4880,4682,3255,0,0,538,891,1288,1391,1548,1055,1041,20569,Visitors,2020,West Lawn,
275,POINT (-87.726723 41.801206),5055 S. Archer Ave.,Chicago,60632,6620,5803,4045,0,0,2697,3767,3754,3737,3999,3198,3229,40849,Visitors,2020,Archer Heights,
276,POINT (-87.548914 41.65915300000001),3048 E. 130th St.,Chicago,60633,3017,2785,2064,0,0,1378,1832,1857,1698,1998,961,1332,18922,Visitors,2020,Hegewisch,
277,POINT (-87.719889 41.954219),4024 N. Elston Ave.,Chicago,60618,5491,5189,2275,0,0,1965,2776,2622,2865,2998,2025,1716,29922,Visitors,2020,Independence,
278,POINT (-87.661298 41.857604),1805 S. Loomis St.,Chicago,60608,10498,9411,6806,0,0,1945,3316,3001,3204,4051,3390,2148,47770,Visitors,2020,Lozano,
279,POINT (-87.563672 41.762654),2505 E. 73rd St.,Chicago,60649,0,0,0,0,0,0,389,1086,1097,1262,894,387,5115,Visitors,2020,South Shore,
280,POINT (-87.631794 41.854267),2100 S. Wentworth Ave.,Chicago,60616,19325,14701,10222,0,0,1884,3375,4147,4159,4854,3129,3176,68972,Visitors,2020,Chinatown,
281,POINT (-87.709792 41.864527),3353 W. 13th St.,Chicago,60623,0,0,0,0,0,388,1230,756,568,919,663,512,5036,Visitors,2020,Douglass,
282,POINT (-87.703483 41.924806),3030 W. Fullerton Ave.,Chicago,60647,12501,11545,6711,0,0,4243,6795,8731,7027,0,4890,6146,68589,Visitors,2020,Logan Square,
283,POINT (-87.798265 41.991862),6083 N. Northwest Hwy.,Chicago,60631,736,3742,5078,0,0,2337,3306,1621,2654,3238,2448,2791,27951,Visitors,2020,Roden,
284,POINT (-87.79846800000001 41.921134),6871 W. Belden Ave.,Chicago,60707,1591,1375,634,0,0,0,0,0,0,0,0,0,3600,Visitors,2020,Galewood-Mont Clare,
285,POINT (-87.74730500000001 41.895019),4856 W. Chicago Ave.,Chicago,60651,7252,5970,3967,0,0,542,832,873,851,835,620,595,22337,Visitors,2020,West Chicago Avenue,
286,POINT (-87.680298 41.912224),1701 N. Milwaukee Ave.,Chicago,60647,10699,9981,5663,0,0,2034,3654,4991,4948,5154,4552,4813,56489,Visitors,2020,Bucktown-Wicker Park,
287,POINT (-87.733923 41.909856),4300 W. North Ave.,Chicago,60639,3209,2994,2029,0,0,444,1013,2274,2178,2259,1795,1567,19762,Visitors,2020,North Pulaski,
288,POINT (-87.67345 41.830421),1915 W. 35th St.,Chicago,60609,6531,5301,3513,0,0,3604,4401,4118,4015,3820,2851,610,38764,Visitors,2020,McKinley Park,
289,POINT (-87.668233 41.89606),1625 W. Chicago Ave.,Chicago,60622,9179,8264,5392,0,0,3076,3349,1767,5587,6650,4183,3107,50554,Visitors,2020,West Town,
290,POINT (-87.672288 41.721148),1962 W. 95th St.,Chicago,60643,2881,2843,1537,0,0,1119,1360,2003,1442,1753,1348,1136,17422,Visitors,2020,Beverly,
291,POINT (-87.725593 41.879302),115 S. Pulaski Rd.,Chicago,60624,0,0,0,0,0,0,0,0,0,0,0,108,108,Visitors,2020,Legler Regional,
292,POINT (-87.724477 41.842073),2708 S. Pulaski Rd.,Chicago,60623,4196,4295,3589,0,0,1121,2017,1956,1780,2010,1526,1267,23757,Visitors,2020,Toman,
293,POINT (-87.766942 41.889281),5615 W. Race Ave.,Chicago,60644,9335,9562,5390,0,0,1838,3614,4584,4122,3932,3152,2923,48452,Visitors,2020,Austin,
294,POINT (-87.761964 41.967648),5363 W. Lawrence Ave.,Chicago,60630,5270,4718,2997,0,0,2835,3551,2569,2661,3458,2832,2452,33343,Visitors,2020,Jefferson Park,
295,POINT (-87.738158 41.96815),4400 W. Lawrence Ave.,Chicago,60630,3412,2898,2123,0,0,696,1393,1833,1751,1971,1530,1348,18955,Visitors,2020,Mayfair,
296,POINT (-87.549849 41.730371),9055 S. Houston Ave.,Chicago,60617,6489,6023,3457,0,0,2055,2827,3213,3161,3210,2064,0,32499,Visitors,2020,South Chicago,
297,POINT (-87.782282 41.7768),6423 W. 63rd Pl.,Chicago,60638,4334,4137,3327,0,0,3125,3251,3085,2800,2300,2035,1894,30288,Visitors,2020,Clearing,
298,POINT (-87.646055 41.940054),644 W. Belmont Ave.,Chicago,60657,0,0,0,0,0,0,0,0,0,0,0,0,0,Visitors,2020,Merlo,
299,POINT (-87.654217 41.95846),929 W. Buena Ave.,Chicago,60613,10289,10115,6286,0,0,3292,4855,4682,4650,5061,3941,4365,57536,Visitors,2020,Uptown,
300,POINT (-87.703231 41.781967),6120 S. Kedzie Ave.,Chicago,60629,2301,5013,3568,0,0,1905,3726,3706,2917,3224,2730,2529,31619,Visitors,2020,Chicago Lawn,
301,POINT (-87.627695 41.876301),400 S. State St.,Chicago,60605,104255,102202,75066,0,0,23673,36325,35144,44570,51962,40119,41058,554374,Visitors,2020,Harold Washtington Library Center,
302,POINT (-87.703067 41.814848),4314 S. Archer Ave.,Chicago,60632,3894,3562,2639,0,0,561,1346,1323,1174,1638,1194,1139,18470,Visitors,2020,Brighton Park,
303,POINT (-87.66821 41.779364),1745 W. 63rd St.,Chicago,60636,5207,4909,3212,0,0,1557,2192,2483,2437,2533,1836,1810,28176,Visitors,2020,West Englewood,
304,POINT (-87.705179 41.849599),2311 S. Kedzie Ave.,Chicago,60623,5288,4917,3508,0,0,614,1443,1652,1762,1893,1430,1332,23839,Visitors,2020,Little Village,
305,POINT (-87.670434 41.940599),1659 W. Melrose St.,Chicago,60657,12707,11844,6818,0,0,4330,5711,4372,3794,2242,3484,2436,57738,Visitors,2020,Lincoln Belmont,
306,POINT (-87.694138 41.793722),2807 W. 55th St.,Chicago,60632,2058,1942,1311,0,0,0,0,0,0,0,0,0,5311,Visitors,2020,Gage Park,
307,POINT (-87.690175 42.00536),6800 N. Western Ave.,Chicago,60645,0,13474,7864,0,0,5612,9002,9342,9046,7657,5881,6184,74062,Visitors,2020,Northtown,
308,POINT (-87.813899 41.94331),7455 W. Cornelia Ave.,Chicago,60634,7328,7572,4237,0,0,3678,4873,6846,6185,5341,4086,4224,54370,Visitors,2020,Dunning,
309,POINT (-87.66074 41.971414),1226 W. Ainslie St.,Chicago,60640,9959,9130,6567,0,0,2147,2596,2802,2700,2787,2265,413,41366,Visitors,2020,Bezazian,
310,POINT (-87.64332700000001 41.677819),830 W. 119th St.,Chicago,60643,8338,7884,7611,0,0,649,1267,1529,1673,1966,1184,1160,33261,Visitors,2020,West Pullman,
311,POINT (-87.618295 41.694366),11001 S. Indiana Ave.,Chicago,60628,3775,3410,2215,0,0,725,2492,1654,0,0,1149,1729,17149,Visitors,2020,Pullman,
312,POINT (-87.565489 41.713513),2401 E. 100th St.,Chicago,60617,3563,3191,2427,0,0,2145,2561,2678,3099,2876,1811,1697,26048,Visitors,2020,Jeffery Manor,
313,POINT (-87.622776 41.807273),4801 S. Michigan Ave.,Chicago,60615,4885,4729,6570,0,0,2322,2951,2806,2718,2974,406,0,30361,Visitors,2020,Hall,
314,POINT (-87.700878 41.692925),11010 S. Kedzie Ave.,Chicago,60655,3582,2222,1233,0,0,1267,1468,1437,1387,1709,1448,1455,17208,Visitors,2020,Mount Greenwood,
315,POINT (-87.60684900000001 41.780405),731 E. 63rd St.,Chicago,60637,6541,6593,4032,0,0,2399,3196,3624,3334,3692,3370,3356,40137,Visitors,2020,Coleman,
316,POINT (-87.779388 41.953025),6100 W. Irving Park Rd.,Chicago,60634,7867,7380,4222,0,0,1972,2810,2823,5558,6360,2820,2737,44549,Visitors,2020,Austin-Irving,
317,POINT (-87.70209 41.738313),8530 S. Kedzie Ave.,Chicago,60652,3849,3526,2341,0,0,1371,1881,2190,1830,1750,1245,1355,21338,Visitors,2020,Wrightwood-Ashburn,
318,POINT (-87.65393 41.757373),7506 S. Racine Ave.,Chicago,60620,6199,7924,4089,0,0,1579,2345,3327,3186,3231,2072,2055,36007,Visitors,2020,Thurgood Marshall,
319,POINT (-87.626436 41.828152),3647 S. State St.,Chicago,60609,1905,2577,1414,0,0,527,479,540,590,612,506,523,9673,Visitors,2020,Chicago Bee,
320,POINT (-87.533513 41.70272),3710 E. 106th St.,Chicago,60617,1319,4556,3103,0,0,2814,2295,2861,1889,1849,1912,2053,24651,Visitors,2020,Vodak-East Side,
321,POINT (-87.65487 41.794843),5440 S. Racine Ave.,Chicago,60609,2698,2403,1780,0,0,1290,2118,2380,1611,755,1560,1612,18207,Visitors,2020,Sherman Park,
322,,11071 S. Hoyne Ave.,Chicago,60643,800,705,850,803,815,953,1098,914,880,1060,891,772,10541,Circulation,2021,Walker,POINT (-87.67426 41.692473)
323,,3401 W. Foster Ave.,Chicago,60625,4274,3486,5170,4864,4561,5711,5983,5675,5603,5699,5370,5238,61634,Circulation,2021,Albany Park,POINT (-87.713595 41.975693)
324,,8148 S. Stony Island Ave.,Chicago,60617,1342,1099,1241,1264,1368,1378,1242,1432,1589,1476,1355,1217,16003,Circulation,2021,Avalon,POINT (-87.585869 41.746322)
325,,1350 W. 89th St.,Chicago,60620,311,349,501,60,85,278,197,280,277,337,314,332,3321,Circulation,2021,Brainerd,POINT (-87.657726 41.732282)
326,,7454 W. Balmoral Ave.,Chicago,60656,4375,3797,4725,4339,4386,5128,5511,4719,4630,5156,4850,3057,54673,Circulation,2021,Oriole Park,POINT (-87.813329 41.978015)
327,,1336 W. Taylor St.,Chicago,60607,3978,3273,4237,3465,3835,4460,4906,4461,3842,3865,3896,3575,47793,Circulation,2021,Little Italy,POINT (-87.660263 41.869359)
328,,5331 W. Devon Ave.,Chicago,60646,6378,5498,6690,6451,5971,6744,7849,7082,6354,6003,6511,5137,76668,Circulation,2021,Edgebrook,POINT (-87.76204 41.997245)
329,,6151 S. Normal Blvd.,Chicago,60621,323,268,303,270,274,332,355,533,399,439,470,368,4334,Circulation,2021,Kelly,POINT (-87.637516 41.78199)
330,,6000 N. Broadway St.,Chicago,60660,11193,10185,11125,10500,10898,11595,11650,10854,10376,10137,9685,9539,127737,Circulation,2021,Edgewater,POINT (-87.660306 41.990923)
331,,310 W. Division St.,Chicago,60610,7399,6872,7910,7329,8085,8318,8412,7284,6777,6853,6639,498,82376,Circulation,2021,Near North,POINT (-87.636643 41.903838)
332,,642 W. 43rd St.,Chicago,60609,0,0,0,0,0,0,131,869,1042,969,941,935,4887,Circulation,2021,Canaryville,POINT (-87.642569 41.81627)
333,,3400 S. Halsted St.,Chicago,60608,4034,3152,3647,3708,3555,3532,3910,864,0,0,0,0,26402,Circulation,2021,"Daley, Richard J.- Bridgeport",POINT (-87.646149 41.8327)
334,,6 S. Hoyne Ave.,Chicago,60612,0,0,0,0,0,0,0,7,171,547,620,530,1875,Circulation,2021,Manning,POINT (-87.679091 41.881026)
335,,5108 W. Belmont Ave.,Chicago,60641,3040,2903,3681,3430,3641,3450,3855,3481,3766,3612,3238,353,38450,Circulation,2021,Portage-Cragin,POINT (-87.754876 41.938748)
336,,415 East 79th St.,Chicago,60619,601,441,585,611,783,813,668,843,936,744,572,545,8142,Circulation,2021,"Whitney M. Young, Jr.",POINT (-87.61416 41.751132)
337,,1000 E. 73rd St.,Chicago,60619,336,376,428,398,460,462,307,0,377,627,596,498,4865,Circulation,2021,Greater Grand Crossing,POINT (-87.600377 41.762277)
338,,4101 W. 79th St.,Chicago,60652,984,896,1185,1091,975,1028,1348,1222,1274,1474,1419,197,13093,Circulation,2021,Scottsdale,POINT (-87.724291 41.749388)
339,,955 E. 131st St.,Chicago,60827,127,81,156,173,146,153,206,248,171,146,173,154,1934,Circulation,2021,Altgeld,POINT (-87.5989 41.657262)
340,,4020 W. 63rd St.,Chicago,60629,1174,1010,1538,1243,1428,629,13,0,0,0,0,0,7035,Circulation,2021,West Lawn,POINT (-87.723756 41.778629)
341,,2111 W. 47th St.,Chicago,60609,856,647,1070,1006,943,1090,1241,1179,1073,1363,1032,916,12416,Circulation,2021,Back of the Yards,POINT (-87.677601 41.808523)
342,,6907 N. Clark St.,Chicago,60626,4582,6311,6404,6489,5983,6257,7070,6453,6383,6528,6449,1285,70194,Circulation,2021,Rogers Park,POINT (-87.67344 42.006673)
343,,6348 S. Archer Ave.,Chicago,60638,2437,2449,3093,2500,2628,3348,3691,2723,2893,3099,2593,2273,33727,Circulation,2021,Garfield Ridge,POINT (-87.780075 41.79286)
344,,3436 S. King Dr.,Chicago,60616,845,804,930,900,976,1201,1344,1029,1217,1110,1189,1159,12704,Circulation,2021,King,POINT (-87.617335 41.832238)
345,,163 E. Pearson Street,Chicago,60611,0,0,0,0,0,0,123,1561,1825,2166,2239,2286,10200,Circulation,2021,Water Works,POINT (-87.623234 41.897609)
346,,733 N. Kedzie Ave.,Chicago,60612,1541,1477,1455,1499,1246,1309,1321,1335,1221,1432,1458,989,16283,Circulation,2021,"Daley, Richard M.- W Humboldt",POINT (-87.706545 41.894322)
347,,1605 N. Troy St.,Chicago,60647,3107,2961,3211,2867,3014,3000,3394,2893,3263,3164,2962,2813,36649,Circulation,2021,Humboldt Park,POINT (-87.705655 41.910536)
348,,4455 N. Lincoln Ave.,Chicago,60625,22742,20954,24275,23702,23039,25051,24576,24156,23213,23756,24048,651,260163,Circulation,2021,Sulzer Regional Library,POINT (-87.684637 41.962677)
349,,4904 S. Lake Park Ave.,Chicago,60615,6012,5296,6948,6582,6980,7013,7787,7423,6576,6929,6932,6279,80757,Circulation,2021,Blackstone,POINT (-87.590212 41.807619)
350,,5724 W. North Ave.,Chicago,60639,610,472,549,523,547,497,644,647,564,638,395,855,6941,Circulation,2021,North Austin,POINT (-87.768877 41.909401)
351,,1625 W. Chicago Ave.,Chicago,60622,3631,3003,3596,3508,3787,3361,3725,4217,4401,4087,4280,3868,45464,Circulation,2021,West Town,POINT (-87.668233 41.89606)
352,,5630 N. Lincoln Ave.,Chicago,60659,5277,4665,5837,5800,5365,6208,6639,6571,5725,5829,6116,5854,69886,Circulation,2021,Budlong Woods,POINT (-87.696439 41.983843)
353,,1150 W. Fullerton Ave.,Chicago,60614,8658,7667,9869,9269,9727,10208,10190,10048,9936,9856,10238,8933,114599,Circulation,2021,Lincoln Park,POINT (-87.658126 41.925316)
354,,1745 W. 63rd St.,Chicago,60636,355,309,238,318,231,332,310,310,345,504,390,254,3896,Circulation,2021,West Englewood,POINT (-87.66821 41.779364)
355,,5055 S. Archer Ave.,Chicago,60632,1852,1587,1858,1791,1842,2328,2847,2538,2395,2579,2574,2129,26320,Circulation,2021,Archer Heights,POINT (-87.726723 41.801206)
356,,3048 E. 130th St.,Chicago,60633,823,775,1004,960,948,1118,1117,1049,1080,1055,885,701,11515,Circulation,2021,Hegewisch,POINT (-87.548914 41.659153)
357,,4024 N. Elston Ave.,Chicago,60618,5069,4572,5989,5474,5372,6068,6791,6559,5961,6320,6091,5281,69547,Circulation,2021,Independence,POINT (-87.719889 41.954219)
358,,1805 S. Loomis St.,Chicago,60608,1823,1760,2210,1829,2177,2305,2255,2355,2314,2112,2109,1859,25108,Circulation,2021,Lozano,POINT (-87.661298 41.857604)
359,,2505 E. 73rd St.,Chicago,60649,687,694,893,902,929,1153,1292,1038,975,941,975,21671,32150,Circulation,2021,South Shore,POINT (-87.563672 41.762654)
360,,2100 S. Wentworth Ave.,Chicago,60616,3460,2654,4009,3597,4333,4730,5682,5269,5466,5500,5240,4414,54354,Circulation,2021,Chinatown,POINT (-87.631794 41.854267)
361,,3353 W. 13th St.,Chicago,60623,366,273,347,318,393,475,389,410,543,517,358,463,4852,Circulation,2021,Douglass,POINT (-87.709767 41.864527)
362,,3030 W. Fullerton Ave.,Chicago,60647,7374,7246,8600,8373,8623,9533,9856,9227,9132,9220,9424,8686,105294,Circulation,2021,Logan Square,POINT (-87.703483 41.924806)
363,,6083 N. Northwest Hwy.,Chicago,60631,3850,3744,4532,3523,4199,4403,4971,4548,3874,4435,4010,6002,52091,Circulation,2021,Roden,POINT (-87.798265 41.991862)
364,,6871 W. Belden Ave.,Chicago,60707,0,0,0,0,0,0,0,0,0,0,0,0,0,Circulation,2021,Galewood-Mont Clare,POINT (-87.798468 41.921134)
365,,3104 N. Narragansett Ave.,Chicago,60634,2877,2234,3398,2727,2518,3090,3322,3186,3356,3192,3037,2618,35555,Circulation,2021,West Belmont,POINT (-87.785858 41.936833)
366,,1701 N. Milwaukee Ave.,Chicago,60647,7291,6310,7795,7504,7660,8099,8006,7335,7450,7997,7550,6710,89707,Circulation,2021,Bucktown-Wicker Park,POINT (-87.680298 41.912224)
367,,4300 W. North Ave.,Chicago,60639,876,614,783,720,1020,974,1002,1017,1025,1213,1112,8037,18393,Circulation,2021,North Pulaski,POINT (-87.733923 41.909856)
368,,1915 W. 35th St.,Chicago,60609,127,1592,2512,2222,2405,2677,3123,3733,4041,3706,3705,7565,37408,Circulation,2021,McKinley Park,POINT (-87.673442 41.830421)
369,,830 W. 119th St.,Chicago,60643,562,344,591,539,581,493,735,682,637,835,668,694,7361,Circulation,2021,West Pullman,POINT (-87.643327 41.677819)
370,,1962 W. 95th St.,Chicago,60643,2827,2245,2868,2782,2869,3118,3637,3196,3080,3177,3395,2655,35849,Circulation,2021,Beverly,POINT (-87.672288 41.721148)
371,,115 S. Pulaski Rd.,Chicago,60624,344,234,421,420,488,466,479,566,435,458,454,461,5226,Circulation,2021,Legler Regional,POINT (-87.725593 41.879302)
372,,2708 S. Pulaski Rd.,Chicago,60623,1746,1562,2159,1766,1677,1895,2070,1829,2640,2503,2187,1636,23670,Circulation,2021,Toman,POINT (-87.724477 41.842073)
373,,5615 W. Race Ave.,Chicago,60644,680,626,667,549,565,682,581,512,625,611,563,447,7108,Circulation,2021,Austin,POINT (-87.766942 41.889281)
374,,8530 S. Kedzie Ave.,Chicago,60652,597,0,447,486,606,791,679,746,740,755,833,607,7287,Circulation,2021,Wrightwood-Ashburn,POINT (-87.702091 41.738331)
375,,5363 W. Lawrence Ave.,Chicago,60630,3868,3332,4559,4174,4175,4866,5573,5385,4925,5395,5085,4116,55453,Circulation,2021,Jefferson Park,POINT (-87.761964 41.967648)
376,,4400 W. Lawrence Ave.,Chicago,60630,2396,1917,2867,2457,2364,2265,2615,2504,2627,2498,2602,3076,30188,Circulation,2021,Mayfair,POINT (-87.738155 41.968148)
377,,9055 S. Houston Ave.,Chicago,60617,154,291,628,605,564,721,875,963,861,656,640,927,7885,Circulation,2021,South Chicago,POINT (-87.549849 41.730371)
378,,6423 W. 63rd Pl.,Chicago,60638,1667,1262,1465,1517,1579,2025,2072,1754,1714,1696,1830,1603,20184,Circulation,2021,Clearing,POINT (-87.782282 41.7768)
379,,644 W. Belmont Ave.,Chicago,60657,7473,7031,7944,8022,8035,8101,8093,8334,8640,8994,7904,2862,91433,Circulation,2021,Merlo,POINT (-87.646055 41.940054)
380,,929 W. Buena Ave.,Chicago,60613,6972,5496,5671,5047,5163,5812,6126,5643,5797,5623,5343,4768,67461,Circulation,2021,Uptown,POINT (-87.654217 41.95846)
381,,6120 S. Kedzie Ave.,Chicago,60629,1111,902,1264,1184,1452,1661,2000,1634,1509,1895,1563,1380,17555,Circulation,2021,Chicago Lawn,POINT (-87.703231 41.781967)
382,,400 S. State Street,Chicago,60605,20965,18837,21898,21220,22635,25011,24932,24348,24256,23970,22693,21046,271811,Circulation,2021,Harold Washington Library Center,POINT (-87.627695 41.876301)
383,,4314 S. Archer Ave.,Chicago,60632,1491,1090,1704,1471,1525,1643,1914,1551,200,26,1170,1172,14957,Circulation,2021,Brighton Park,POINT (-87.703067 41.814848)
384,,4856 W. Chicago Ave.,Chicago,60651,155,173,135,111,161,201,225,270,337,346,310,260,2684,Circulation,2021,West Chicago Avenue,POINT (-87.747411 41.895019)
385,,2311 S. Kedzie Ave.,Chicago,60623,1041,924,1280,1157,1223,1395,1829,1318,1478,1443,1541,1138,15767,Circulation,2021,Little Village,POINT (-87.705179 41.849599)
386,,1659 W. Melrose St.,Chicago,60657,9936,8912,11336,10740,10787,12202,11856,11427,10767,10886,10992,9308,129149,Circulation,2021,Lincoln Belmont,POINT (-87.670433 41.940599)
387,,2807 W. 55th St.,Chicago,60632,0,0,0,0,0,0,18,545,423,669,608,510,2773,Circulation,2021,Gage Park,POINT (-87.694138 41.793722)
388,,6800 N. Western Ave.,Chicago,60645,9320,8239,9846,8881,9253,10035,10412,9839,8712,9200,8452,4575,106764,Circulation,2021,Northtown,POINT (-87.690175 42.00536)
389,,7455 W. Cornelia Ave.,Chicago,60634,3229,2701,3431,3092,3034,3721,3820,3373,3073,3151,3008,2564,38197,Circulation,2021,Dunning,POINT (-87.813908 41.94331)
390,,1226 W. Ainslie St.,Chicago,60640,162,1265,5408,5055,5312,5845,6276,5696,5540,5640,5614,5260,57073,Circulation,2021,Bezazian,POINT (-87.660739 41.971414)
391,,122 N. Aberdeen St.,Chicago,60607,3468,3130,3701,3830,3727,4043,4209,4126,3823,4057,3845,3547,45506,Circulation,2021,West Loop,POINT (-87.654421 41.883595)
392,,11001 S. Indiana Ave.,Chicago,60628,222,288,271,302,325,335,342,357,324,365,468,3480,7079,Circulation,2021,Pullman,POINT (-87.618295 41.694366)
393,,2401 E. 100th St.,Chicago,60617,267,178,284,260,41,102,272,326,348,303,464,360,3205,Circulation,2021,Jeffery Manor,POINT (-87.565489 41.713513)
394,,4801 S. Michigan Ave.,Chicago,60615,6,162,418,469,525,616,712,691,671,632,684,583,6169,Circulation,2021,Hall,POINT (-87.622776 41.807273)
395,,11010 S. Kedzie Ave.,Chicago,60655,3330,2750,3261,3392,3230,3845,3746,3663,3176,2951,2862,5610,41816,Circulation,2021,Mount Greenwood,POINT (-87.700878 41.692925)
396,,731 E. 63rd St.,Chicago,60637,836,716,883,657,1013,766,1205,1110,1147,1024,988,812,11157,Circulation,2021,Coleman,POINT (-87.606849 41.780405)
397,,6100 W. Irving Park Rd.,Chicago,60634,4715,4232,5796,4717,5354,6140,6020,5749,5311,5480,4718,4702,62934,Circulation,2021,Austin-Irving,POINT (-87.779388 41.953025)
398,,9525 S. Halsted St.,Chicago,60628,2020,1681,1909,2071,1939,1589,2162,2056,2173,2220,1872,1636,23328,Circulation,2021,Woodson Regional Library,POINT (-87.643122 41.720675)
399,,7506 S. Racine Ave.,Chicago,60620,723,659,728,633,638,611,758,753,771,723,869,2120,9986,Circulation,2021,Thurgood Marshall,POINT (-87.65393 41.757373)
400,,3647 S. State St.,Chicago,60609,595,582,506,610,594,704,634,726,777,865,777,521,7891,Circulation,2021,Chicago Bee,POINT (-87.626436 41.828152)
401,,3710 E. 106th St.,Chicago,60617,1091,1109,1550,1497,1259,1681,2009,1603,1818,1882,1573,1554,18626,Circulation,2021,Vodak-East Side,POINT (-87.533513 41.70272)
402,,5440 S. Racine Ave.,Chicago,60609,158,199,204,140,174,199,273,253,189,173,159,738,2859,Circulation,2021,Sherman Park,POINT (-87.65487 41.794843)
403,POINT (-87.67426 41.692473),11071 S. Hoyne Ave.,Chicago,60643,325,457,704,707,516,900,990,977,975,1783,3088,633,12055,Visitors,2021,Walker,
404,POINT (-87.713595 41.975693),3401 W. Foster Ave.,Chicago,60625,3419,3366,4404,4299,4256,4958,5325,5877,6740,7259,6445,6492,62840,Visitors,2021,Albany Park,
405,POINT (-87.585869 41.746322),8148 S. Stony Island Ave.,Chicago,60617,2985,2513,4235,3864,4046,3479,4270,4583,4489,4840,4136,3413,46853,Visitors,2021,Avalon,
406,POINT (-87.657726 41.732282),1350 W. 89th St.,Chicago,60620,617,815,1160,129,0,469,624,655,714,754,602,774,7313,Visitors,2021,Brainerd,
407,POINT (-87.813329 41.978015),7454 W. Balmoral Ave.,Chicago,60656,3528,2912,3868,3563,3688,4291,4375,4047,5658,4963,4734,4153,49780,Visitors,2021,Oriole Park,
408,POINT (-87.660263 41.869359),1336 W. Taylor St.,Chicago,60607,2801,2488,811,2835,3314,3536,4215,4359,4920,6862,5647,6305,48093,Visitors,2021,Little Italy,
409,POINT (-87.76204 41.997245),5331 W. Devon Ave.,Chicago,60646,3693,3427,4527,4316,3982,4167,5480,5383,4771,4556,4563,4018,52883,Visitors,2021,Edgebrook,
410,POINT (-87.637516 41.78199),6151 S. Normal Blvd.,Chicago,60621,497,428,635,587,639,646,876,929,852,854,736,1717,9396,Visitors,2021,Kelly,
411,POINT (-87.660306 41.990923),6000 N. Broadway St.,Chicago,60660,7563,6508,7403,7607,3654,6060,10020,9843,9328,9424,8436,8461,94307,Visitors,2021,Edgewater,
412,POINT (-87.636643 41.903838),310 W. Division St.,Chicago,60610,4771,4786,6168,6179,6708,7670,6837,6536,6649,6686,6992,5750,75732,Visitors,2021,Near North,
413,POINT (-87.642569 41.81627),642 W. 43rd St.,Chicago,60609,0,0,0,0,0,0,396,808,1744,1778,1586,1599,7911,Visitors,2021,Canaryville,
414,POINT (-87.646149 41.8327),3400 S. Halsted St.,Chicago,60608,2480,2162,2959,3141,4858,3370,3473,653,0,0,0,0,23096,Visitors,2021,"Daley, Richard J.",
415,POINT (-87.679091 41.881026),6 S. Hoyne Ave.,Chicago,60612,0,0,0,0,0,0,0,0,1239,2986,2780,2831,9836,Visitors,2021,Manning,
416,POINT (-87.754876 41.938748),5108 W. Belmont Ave.,Chicago,60641,2301,1971,2789,2645,2533,2724,3199,3326,3447,3523,3402,3116,34976,Visitors,2021,Portage-Cragin,
417,POINT (-87.61416 41.751132),415 East 79th St.,Chicago,60619,1830,1515,1921,2215,2311,2436,1639,3665,3651,2854,3016,3113,30166,Visitors,2021,"Whitney M. Young, Jr.",
418,POINT (-87.600377 41.762277),1000 E. 73rd St.,Chicago,60619,837,954,1097,1137,1137,1304,2303,0,930,1724,1237,950,13610,Visitors,2021,Greater Grand Crossing,
419,POINT (-87.724291 41.749388),4101 W. 79th St.,Chicago,60652,1856,2117,1625,1598,3369,3596,4579,4124,3734,3768,3553,3513,37432,Visitors,2021,Scottsdale,
420,POINT (-87.5989 41.657262),955 E. 131st St.,Chicago,60827,339,270,412,470,724,998,1437,1397,162,155,1744,2652,10760,Visitors,2021,Altgeld,
421,POINT (-87.723756 41.778629),4020 W. 63rd St.,Chicago,60629,1030,914,1363,1406,1307,699,0,0,0,0,0,0,6719,Visitors,2021,West Lawn,
422,POINT (-87.677601 41.808523),2111 W. 47th St.,Chicago,60609,1440,1482,2382,1491,1948,1970,2560,2873,2283,2957,1877,2122,25385,Visitors,2021,Back of the Yards,
423,POINT (-87.67344 42.006673),6907 N. Clark St.,Chicago,60626,4179,4718,6600,5291,6506,5446,7667,7419,7437,8301,5635,6496,75695,Visitors,2021,Rogers Park,
424,POINT (-87.780075 41.79286),6348 S. Archer Ave.,Chicago,60638,2594,2330,3215,2816,2705,3375,3626,3139,3204,3526,3122,3419,37071,Visitors,2021,Garfield Ridge,
425,POINT (-87.617335 41.832238),3436 S. King Dr.,Chicago,60616,1209,1101,1481,1474,1480,1498,1711,1492,1329,1403,1845,1362,17385,Visitors,2021,King,
426,POINT (-87.623234 41.897609),163 E. Pearson Street,Chicago,60611,0,0,0,0,0,0,0,0,1024,3207,3365,2998,10594,Visitors,2021,Water Works,
427,POINT (-87.706545 41.894322),733 N. Kedzie Ave.,Chicago,60612,6556,6016,6788,5320,4750,5961,4218,5543,5565,4430,4142,4819,64108,Visitors,2021,"Daley, Richard M.",
428,POINT (-87.705655 41.910536),1605 N. Troy St.,Chicago,60647,2527,1962,2634,2570,2839,2915,3305,3375,3079,2853,2918,3115,34092,Visitors,2021,Humboldt Park,
429,POINT (-87.684637 41.962677),4455 N. Lincoln Ave.,Chicago,60625,13873,12812,16196,14320,14497,13147,15148,16132,15602,16374,12616,14660,175377,Visitors,2021,Sulzer Regional Library,
430,POINT (-87.590212 41.807619),4904 S. Lake Park Ave.,Chicago,60615,3491,2572,4279,4316,4527,4822,5970,6237,5925,6649,6316,5906,61010,Visitors,2021,Blackstone,
431,POINT (-87.768877 41.909401),5724 W. North Ave.,Chicago,60639,1072,868,1262,1249,1350,1969,1864,1710,1428,1445,1318,1282,16817,Visitors,2021,North Austin,
432,POINT (-87.668233 41.89606),1625 W. Chicago Ave.,Chicago,60622,3402,2938,3580,3627,4617,4973,4058,2096,2969,6183,5076,4759,48278,Visitors,2021,West Town,
433,POINT (-87.696439 41.983843),5630 N. Lincoln Ave.,Chicago,60659,5058,4386,5771,5662,5382,6008,7148,7031,6210,6390,6078,5559,70683,Visitors,2021,Budlong Woods,
434,POINT (-87.658126 41.925316),1150 W. Fullerton Ave.,Chicago,60614,4915,4435,5858,5630,5764,7657,6967,7273,6874,7174,7287,6040,75874,Visitors,2021,Lincoln Park,
435,POINT (-87.66821 41.779364),1745 W. 63rd St.,Chicago,60636,2038,1657,2047,1947,2211,2225,2467,3104,2958,3021,2759,2471,28905,Visitors,2021,West Englewood,
436,POINT (-87.726723 41.801206),5055 S. Archer Ave.,Chicago,60632,2949,2857,3310,3325,2911,2244,2937,2993,2847,3095,2709,2488,34665,Visitors,2021,Archer Heights,
437,POINT (-87.548914 41.659153),3048 E. 130th St.,Chicago,60633,1165,1081,1450,1507,1451,1523,1611,1428,1461,1568,1365,1362,16972,Visitors,2021,Hegewisch,
438,POINT (-87.719889 41.954219),4024 N. Elston Ave.,Chicago,60618,2412,2172,2554,2486,2490,2429,3039,3665,2963,2996,3033,2792,33031,Visitors,2021,Independence,
439,POINT (-87.661298 41.857604),1805 S. Loomis St.,Chicago,60608,3634,4546,3215,3959,7947,7910,4440,4323,3918,3171,4508,4158,55729,Visitors,2021,Lozano,
440,POINT (-87.563672 41.762654),2505 E. 73rd St.,Chicago,60649,1066,868,1155,1514,1620,1486,1388,1819,1784,1682,1539,1580,17501,Visitors,2021,South Shore,
441,POINT (-87.631794 41.854267),2100 S. Wentworth Ave.,Chicago,60616,2963,2583,4102,6748,6209,7770,11264,11362,10363,11385,10353,8681,93783,Visitors,2021,Chinatown,
442,POINT (-87.709767 41.864527),3353 W. 13th St.,Chicago,60623,435,326,484,548,484,184,589,1165,1055,728,1152,895,8045,Visitors,2021,Douglass,
443,POINT (-87.703483 41.924806),3030 W. Fullerton Ave.,Chicago,60647,7285,6269,7746,7003,6563,7634,8569,8214,7770,8685,8643,8307,92688,Visitors,2021,Logan Square,
444,POINT (-87.798265 41.991862),6083 N. Northwest Hwy.,Chicago,60631,2759,2471,2950,2866,3285,4137,3952,3791,3381,3520,3261,3393,39766,Visitors,2021,Roden,
445,POINT (-87.798468 41.921134),6871 W. Belden Ave.,Chicago,60707,0,0,0,0,0,0,0,0,0,0,0,0,0,Visitors,2021,Galewood-Mont Clare,
446,POINT (-87.785858 41.936833),3104 N. Narragansett Ave.,Chicago,60634,1954,1675,2323,2153,2225,3387,2728,2856,2847,3106,2967,2472,30693,Visitors,2021,West Belmont,
447,POINT (-87.680298 41.912224),1701 N. Milwaukee Ave.,Chicago,60647,5015,4257,4969,5355,5364,4530,6287,5834,5961,6668,7070,5676,66986,Visitors,2021,Bucktown-Wicker Park,
448,POINT (-87.733923 41.909856),4300 W. North Ave.,Chicago,60639,1669,1425,2190,1923,1980,2233,2466,2169,2284,2142,2088,2024,24593,Visitors,2021,North Pulaski,
449,POINT (-87.673442 41.830421),1915 W. 35th St.,Chicago,60609,368,2793,3784,3621,3409,3679,4062,4369,4553,4392,4310,3795,43135,Visitors,2021,McKinley Park,
450,POINT (-87.643327 41.677819),830 W. 119th St.,Chicago,60643,883,990,1872,1445,1490,1471,1645,1470,1203,1243,1098,1122,15932,Visitors,2021,West Pullman,
451,POINT (-87.672288 41.721148),1962 W. 95th St.,Chicago,60643,1709,1221,1741,2081,1761,1816,2350,2000,1994,2178,2368,2237,23456,Visitors,2021,Beverly,
452,POINT (-87.725593 41.879302),115 S. Pulaski Rd.,Chicago,60624,477,359,424,629,650,1004,1326,1272,2427,2174,2179,2170,15091,Visitors,2021,Legler Regional,
453,POINT (-87.724477 41.842073),2708 S. Pulaski Rd.,Chicago,60623,1371,1155,1856,1554,1522,1842,1925,1662,1818,1645,1538,1675,19563,Visitors,2021,Toman,
454,POINT (-87.766942 41.889281),5615 W. Race Ave.,Chicago,60644,2991,2412,3799,2957,2615,2946,2874,3083,2926,3171,3164,2383,35321,Visitors,2021,Austin,
455,POINT (-87.702091 41.738331),8530 S. Kedzie Ave.,Chicago,60652,1417,0,0,734,908,1223,1435,1299,1279,1440,1316,1223,12274,Visitors,2021,Wrightwood-Ashburn,
456,POINT (-87.761964 41.967648),5363 W. Lawrence Ave.,Chicago,60630,2656,2338,3901,5630,4029,4227,4475,4328,3834,4061,4034,3429,46942,Visitors,2021,Jefferson Park,
457,POINT (-87.738155 41.968148),4400 W. Lawrence Ave.,Chicago,60630,1302,1061,1682,1566,1533,1520,2795,2261,2105,2100,2194,1675,21794,Visitors,2021,Mayfair,
458,POINT (-87.549849 41.730371),9055 S. Houston Ave.,Chicago,60617,768,1726,1866,2294,2737,2783,3409,3580,3375,2729,3142,2927,31336,Visitors,2021,South Chicago,
459,POINT (-87.782282 41.7768),6423 W. 63rd Pl.,Chicago,60638,440,380,1100,525,1535,0,455,1605,1515,1590,380,1152,10677,Visitors,2021,Clearing,
460,POINT (-87.646055 41.940054),644 W. Belmont Ave.,Chicago,60657,4605,5611,6347,6577,7036,7657,7875,8351,8264,8694,7916,7274,86207,Visitors,2021,Merlo,
461,POINT (-87.654217 41.95846),929 W. Buena Ave.,Chicago,60613,4948,3901,4675,5357,4901,5713,5877,6088,6197,6305,5801,5496,65259,Visitors,2021,Uptown,
462,POINT (-87.703231 41.781967),6120 S. Kedzie Ave.,Chicago,60629,2444,2207,3018,2960,3233,3605,4959,5416,4056,3890,3524,3557,42869,Visitors,2021,Chicago Lawn,
463,POINT (-87.627695 41.876301),400 S. State St.,Chicago,60605,39287,36109,43918,38621,24131,49671,52519,43215,52795,57025,54392,52268,543951,Visitors,2021,Harold Washtington Library Center,
464,POINT (-87.703067 41.814848),4314 S. Archer Ave.,Chicago,60632,1250,1004,1515,1418,1451,1481,2581,2499,320,0,1270,1427,16216,Visitors,2021,Brighton Park,
465,POINT (-87.747411 41.895019),4856 W. Chicago Ave.,Chicago,60651,330,490,667,618,692,693,786,887,1102,991,881,817,8954,Visitors,2021,West Chicago Avenue,
466,POINT (-87.705179 41.849599),2311 S. Kedzie Ave.,Chicago,60623,967,1030,1158,1058,1317,1154,1713,1670,1596,1724,1721,1463,16571,Visitors,2021,Little Village,
467,POINT (-87.670433 41.940599),1659 W. Melrose St.,Chicago,60657,2888,3225,5433,5369,6630,5374,9603,2192,6908,7098,6446,6001,67167,Visitors,2021,Lincoln Belmont,
468,POINT (-87.694138 41.793722),2807 W. 55th St.,Chicago,60632,0,0,0,0,0,0,0,406,740,1308,1243,1122,4819,Visitors,2021,Gage Park,
469,POINT (-87.690175 42.00536),6800 N. Western Ave.,Chicago,60645,5957,5228,7482,6957,7333,8733,8909,9035,7797,7640,7640,6818,89529,Visitors,2021,Northtown,
470,POINT (-87.813908 41.94331),7455 W. Cornelia Ave.,Chicago,60634,4240,3646,4945,5441,4854,5150,7909,8380,8512,6217,6054,5705,71053,Visitors,2021,Dunning,
471,POINT (-87.660739 41.971414),1226 W. Ainslie St.,Chicago,60640,0,0,1629,4587,3738,2300,3663,5547,5549,6515,5552,4581,43661,Visitors,2021,Bezazian,
472,POINT (-87.654421 41.883595),122 N. Aberdeen St.,Chicago,60607,2514,2322,2685,2823,2728,2675,3442,3423,3346,3629,3569,3237,36393,Visitors,2021,West Loop,
473,POINT (-87.618295 41.694366),11001 S. Indiana Ave.,Chicago,60628,1558,1676,835,889,2124,2887,2906,2595,2456,2676,2329,2095,25026,Visitors,2021,Pullman,
474,POINT (-87.565489 41.713513),2401 E. 100th St.,Chicago,60617,2002,1747,2367,2425,110,222,959,1192,991,941,882,789,14627,Visitors,2021,Jeffery Manor,
475,POINT (-87.622776 41.807273),4801 S. Michigan Ave.,Chicago,60615,0,704,1629,1662,2029,2478,2627,2660,2278,2800,2333,2128,23328,Visitors,2021,Hall,
476,POINT (-87.700878 41.692925),11010 S. Kedzie Ave.,Chicago,60655,1400,1162,1583,1532,1479,1743,1913,1798,1569,1248,1558,1387,18372,Visitors,2021,Mount Greenwood,
477,POINT (-87.606849 41.780405),731 E. 63rd St.,Chicago,60637,3059,2538,2316,3029,1382,2802,2913,3625,3568,3778,3444,3827,36281,Visitors,2021,Coleman,
478,POINT (-87.779388 41.953025),6100 W. Irving Park Rd.,Chicago,60634,3101,3072,4830,3651,4121,4523,4536,4337,4483,4613,3488,3965,48720,Visitors,2021,Austin-Irving,
479,POINT (-87.643122 41.720675),9525 S. Halsted St.,Chicago,60628,3655,3446,5049,6815,3638,3144,5060,5636,5256,5312,4550,4426,55987,Visitors,2021,Woodson Regional Library,
480,POINT (-87.65393 41.757373),7506 S. Racine Ave.,Chicago,60620,2094,2043,2695,2698,2419,2557,2944,3165,2994,3092,2690,2773,32164,Visitors,2021,Thurgood Marshall,
481,POINT (-87.626436 41.828152),3647 S. State St.,Chicago,60609,496,488,595,653,866,974,898,1130,1076,1145,931,936,10188,Visitors,2021,Chicago Bee,
482,POINT (-87.533513 41.70272),3710 E. 106th St.,Chicago,60617,2007,2769,2370,2357,2184,2188,3058,3058,3141,3674,3405,3357,33568,Visitors,2021,Vodak-East Side,
483,POINT (-87.65487 41.794843),5440 S. Racine Ave.,Chicago,60609,1420,1264,1699,1644,1404,1707,1809,1824,1669,1587,1489,1321,18837,Visitors,2021,Sherman Park,
